want,0.1238567015934177
feel,0.11644013263572801
like,0.10828190678226937
life,0.10160699472034865
get,0.06823243441074509
know,0.06674912061920714
really,0.05191598270382778
time,0.05117432580805881
die,0.05117432580805881
people,0.05043266891228984
anymore,0.049691012016520875
never,0.048207698224982935
would,0.045241070641907064
My,0.0444994137461381
tired,0.04375775685036913
go,0.04301609995460016
even,0.04227444305883119
suicide,0.04079112926729325
kill,0.040049472371524286
better,0.03856615857998635
going,0.03782450168421738
suicidal,0.03782450168421738
think,0.03634118789267945
day,0.03634118789267945
wish,0.035599530996910475
years,0.035599530996910475
nothing,0.03485787410114151
end,0.03337456030960357
everything,0.03337456030960357
could,0.03337456030960357
anything,0.0326329034138346
friends,0.03189124651806564
live,0.03189124651806564
still,0.031149589622296667
make,0.02966627583075873
anyone,0.02966627583075873
happy,0.02966627583075873
hate,0.028924618934989762
talk,0.028182962039220796
things,0.028182962039220796
But,0.028182962039220796
much,0.027441305143451826
help,0.026699648247682856
someone,0.026699648247682856
fucking,0.02595799135191389
since,0.02595799135191389
way,0.02595799135191389
family,0.02521633445614492
say,0.024474677560375954
every,0.024474677560375954
tell,0.024474677560375954
thought,0.023733020664606985
depressed,0.023733020664606985
tried,0.023733020664606985
back,0.022991363768838015
love,0.022991363768838015
good,0.022991363768838015
always,0.022991363768838015
take,0.02150804997730008
...,0.02150804997730008
everyone,0.02150804997730008
work,0.020766393081531113
alone,0.020766393081531113
They,0.020766393081531113
depression,0.020766393081531113
He,0.020766393081531113
else,0.020024736185762143
said,0.020024736185762143
thoughts,0.020024736185762143
bad,0.020024736185762143
wanna,0.019283079289993173
away,0.019283079289993173
point,0.019283079289993173
sleep,0.018541422394224207
living,0.018541422394224207
last,0.018541422394224207
told,0.018541422394224207
hard,0.018541422394224207
felt,0.017799765498455238
days,0.017799765498455238
So,0.017799765498455238
thing,0.01705810860268627
around,0.01705810860268627
feeling,0.01705810860268627
actually,0.01705810860268627
makes,0.01705810860268627
pain,0.0163164517069173
something,0.0163164517069173
enough,0.0163164517069173
right,0.0163164517069173
give,0.0163164517069173
mom,0.0163164517069173
Why,0.0163164517069173
getting,0.0163164517069173
world,0.015574794811148334
find,0.015574794811148334
What,0.015574794811148334
ago,0.015574794811148334
keep,0.015574794811148334
see,0.015574794811148334
person,0.015574794811148334
ever,0.014833137915379366
left,0.014833137915379366
try,0.014833137915379366
wanted,0.014833137915379366
need,0.014833137915379366
dead,0.014833137915379366
care,0.014833137915379366
sad,0.014091481019610398
another,0.014091481019610398
stop,0.014091481019610398
today,0.014091481019610398
guess,0.014091481019610398
alive,0.014091481019610398
shit,0.014091481019610398
friend,0.014091481019610398
lost,0.014091481019610398
year,0.013349824123841428
went,0.013349824123841428
made,0.013349824123841428
trying,0.013349824123841428
No,0.013349824123841428
reason,0.013349824123841428
got,0.013349824123841428
many,0.013349824123841428
done,0.013349824123841428
death,0.013349824123841428
times,0.01260816722807246
There,0.01260816722807246
called,0.01260816722807246
She,0.01260816722807246
without,0.011866510332303492
scared,0.011866510332303492
self,0.011866510332303492
crying,0.011866510332303492
night,0.011866510332303492
lonely,0.011866510332303492
..,0.011866510332303492
also,0.011866510332303492
died,0.011124853436534524
seems,0.011124853436534524
parents,0.011124853436534524
matter,0.011124853436534524
long,0.011124853436534524
thinking,0.011124853436534524
making,0.011124853436534524
mental,0.011124853436534524
gone,0.011124853436534524
sick,0.010383196540765556
hope,0.010383196540765556
use,0.010383196540765556
support,0.010383196540765556
worse,0.010383196540765556
next,0.010383196540765556
therapist,0.010383196540765556
dad,0.010383196540765556
bed,0.010383196540765556
fact,0.009641539644996587
home,0.009641539644996587
loved,0.009641539644996587
killed,0.009641539644996587
saying,0.009641539644996587
im,0.009641539644996587
sure,0.009641539644996587
stay,0.009641539644996587
fuck,0.009641539644996587
feels,0.009641539644996587
old,0.009641539644996587
killing,0.008899882749227619
Like,0.008899882749227619
Just,0.008899882749227619
feelings,0.008899882749227619
started,0.008899882749227619
suffer,0.008899882749227619
happened,0.008899882749227619
hanging,0.008899882749227619
lot,0.008899882749227619
wake,0.008899882749227619
supposed,0.008899882749227619
working,0.008899882749227619
cut,0.008899882749227619
kids,0.008899882749227619
used,0.008899882749227619
school,0.00815822585345865
maybe,0.00815822585345865
gonna,0.00815822585345865
others,0.00815822585345865
Im,0.00815822585345865
hurt,0.00815822585345865
honestly,0.00815822585345865
house,0.00815822585345865
let,0.00815822585345865
upset,0.00815822585345865
finally,0.00815822585345865
though,0.00815822585345865
understand,0.00815822585345865
says,0.00815822585345865
fighting,0.00815822585345865
exist,0.00815822585345865
kind,0.00815822585345865
probably,0.00815822585345865
stupid,0.007416568957689683
soon,0.007416568957689683
therapy,0.007416568957689683
two,0.007416568957689683
little,0.007416568957689683
please,0.007416568957689683
plan,0.007416568957689683
When,0.007416568957689683
eyes,0.007416568957689683
job,0.007416568957689683
face,0.007416568957689683
everyday,0.007416568957689683
problem,0.007416568957689683
advice,0.007416568957689683
suffering,0.007416568957689683
happen,0.007416568957689683
hurts,0.007416568957689683
place,0.007416568957689683
whole,0.007416568957689683
girl,0.006674912061920714
worst,0.006674912061920714
health,0.006674912061920714
attention,0.006674912061920714
Now,0.006674912061920714
needed,0.006674912061920714
cares,0.006674912061920714
head,0.006674912061920714
might,0.006674912061920714
burden,0.006674912061920714
part,0.006674912061920714
yet,0.006674912061920714
become,0.006674912061920714
Every,0.006674912061920714
decided,0.006674912061920714
came,0.006674912061920714
deserve,0.006674912061920714
put,0.006674912061920714
girlfriend,0.006674912061920714
bring,0.006674912061920714
leave,0.006674912061920714
Nothing,0.006674912061920714
absolutely,0.006674912061920714
worth,0.006674912061920714
selfish,0.006674912061920714
Everything,0.006674912061920714
Maybe,0.006674912061920714
experience,0.006674912061920714
pills,0.006674912061920714
gets,0.006674912061920714
completely,0.006674912061920714
brain,0.006674912061920714
believe,0.006674912061920714
normal,0.006674912061920714
almost,0.006674912061920714
close,0.006674912061920714
energy,0.005933255166151746
break,0.005933255166151746
Sometimes,0.005933255166151746
ending,0.005933255166151746
deal,0.005933255166151746
destroyed,0.005933255166151746
best,0.005933255166151746
okay,0.005933255166151746
saw,0.005933255166151746
ended,0.005933255166151746
cause,0.005933255166151746
brother,0.005933255166151746
able,0.005933255166151746
homeless,0.005933255166151746
Life,0.005933255166151746
happens,0.005933255166151746
abusive,0.005933255166151746
past,0.005933255166151746
week,0.005933255166151746
relationship,0.005933255166151746
come,0.005933255166151746
listen,0.005933255166151746
rather,0.005933255166151746
money,0.005933255166151746
boyfriend,0.005933255166151746
How,0.005933255166151746
anybody,0.005933255166151746
sorry,0.005933255166151746
weeks,0.005933255166151746
wrong,0.005933255166151746
post,0.005933255166151746
yesterday,0.005933255166151746
Please,0.005933255166151746
either,0.005933255166151746
hell,0.005933255166151746
horrible,0.005933255166151746
stuff,0.005933255166151746
talking,0.005933255166151746
found,0.005933255166151746
barely,0.005933255166151746
fight,0.005933255166151746
Edit,0.005933255166151746
remember,0.005191598270382778
empty,0.005191598270382778
Everyone,0.005191598270382778
wanting,0.005191598270382778
mind,0.005191598270382778
first,0.005191598270382778
constant,0.005191598270382778
gave,0.005191598270382778
child,0.005191598270382778
asked,0.005191598270382778
Idk,0.005191598270382778
cry,0.005191598270382778
continue,0.005191598270382778
start,0.005191598270382778
nobody,0.005191598270382778
sister,0.005191598270382778
raped,0.005191598270382778
new,0.005191598270382778
wants,0.005191598270382778
spent,0.005191598270382778
recently,0.005191598270382778
month,0.005191598270382778
well,0.005191598270382778
look,0.005191598270382778
enjoy,0.005191598270382778
Thank,0.005191598270382778
Am,0.005191598270382778
ones,0.005191598270382778
mother,0.005191598270382778
tomorrow,0.005191598270382778
motivation,0.005191598270382778
reality,0.005191598270382778
People,0.005191598270382778
comes,0.005191598270382778
free,0.005191598270382778
easier,0.005191598270382778
instead,0.005191598270382778
mentally,0.005191598270382778
partner,0.005191598270382778
thank,0.005191598270382778
eat,0.005191598270382778
body,0.005191598270382778
disappear,0.004449941374613809
already,0.004449941374613809
sleeping,0.004449941374613809
forever,0.004449941374613809
permanent,0.004449941374613809
months,0.004449941374613809
idk,0.004449941374613809
taking,0.004449941374613809
moment,0.004449941374613809
miss,0.004449941374613809
sound,0.004449941374613809
starting,0.004449941374613809
goodbye,0.004449941374613809
ok,0.004449941374613809
mood,0.004449941374613809
smile,0.004449941374613809
goes,0.004449941374613809
behind,0.004449941374613809
fun,0.004449941374613809
amazing,0.004449941374613809
future,0.004449941374613809
whenever,0.004449941374613809
scream,0.004449941374613809
Today,0.004449941374613809
dont,0.004449941374613809
sounds,0.004449941374613809
sense,0.004449941374613809
anxiety,0.004449941374613809
bit,0.004449941374613809
attempt,0.004449941374613809
hours,0.004449941374613809
longer,0.004449941374613809
Even,0.004449941374613809
existence,0.004449941374613809
15,0.004449941374613809
hour,0.004449941374613809
....,0.004449941374613809
dying,0.004449941374613809
knew,0.004449941374613809
coming,0.004449941374613809
Tired,0.004449941374613809
constantly,0.004449941374613809
damn,0.004449941374613809
daily,0.004449941374613809
hospital,0.004449941374613809
took,0.004449941374613809
committed,0.004449941374613809
MY,0.0037082844788448414
fucked,0.0037082844788448414
phone,0.0037082844788448414
schedule,0.0037082844788448414
personal,0.0037082844788448414
single,0.0037082844788448414
comfort,0.0037082844788448414
literally,0.0037082844788448414
pretty,0.0037082844788448414
seeking,0.0037082844788448414
turned,0.0037082844788448414
words,0.0037082844788448414
loves,0.0037082844788448414
younger,0.0037082844788448414
nearly,0.0037082844788448414
different,0.0037082844788448414
stopped,0.0037082844788448414
drink,0.0037082844788448414
due,0.0037082844788448414
hole,0.0037082844788448414
run,0.0037082844788448414
misery,0.0037082844788448414
extremely,0.0037082844788448414
vent,0.0037082844788448414
water,0.0037082844788448414
man,0.0037082844788448414
difficult,0.0037082844788448414
genuinely,0.0037082844788448414
bf,0.0037082844788448414
hear,0.0037082844788448414
happiness,0.0037082844788448414
moments,0.0037082844788448414
heart,0.0037082844788448414
knowing,0.0037082844788448414
girls,0.0037082844788448414
great,0.0037082844788448414
side,0.0037082844788448414
easy,0.0037082844788448414
nice,0.0037082844788448414
looking,0.0037082844788448414
planning,0.0037082844788448414
born,0.0037082844788448414
problems,0.0037082844788448414
besides,0.0037082844788448414
peace,0.0037082844788448414
broke,0.0037082844788448414
finding,0.0037082844788448414
allowed,0.0037082844788448414
later,0.0037082844788448414
sometimes,0.0037082844788448414
online,0.0037082844788448414
kept,0.0037082844788448414
fine,0.0037082844788448414
cared,0.0037082844788448414
till,0.0037082844788448414
wife,0.0037082844788448414
us,0.0037082844788448414
app,0.0037082844788448414
terrible,0.0037082844788448414
bullshit,0.0037082844788448414
truly,0.0037082844788448414
gotten,0.0037082844788448414
physically,0.0037082844788448414
waiting,0.0037082844788448414
ugly,0.0037082844788448414
set,0.0037082844788448414
18,0.0037082844788448414
less,0.0037082844788448414
hang,0.0037082844788448414
Does,0.0037082844788448414
asleep,0.0037082844788448414
control,0.0037082844788448414
afraid,0.0037082844788448414
hug,0.0037082844788448414
cuz,0.0037082844788448414
room,0.0037082844788448414
dark,0.0037082844788448414
apartment,0.0037082844788448414
hotline,0.0037082844788448414
big,0.0037082844788448414
PTSD,0.0037082844788448414
solution,0.0037082844788448414
Sorry,0.0037082844788448414
rest,0.002966627583075873
sucks,0.002966627583075873
high,0.002966627583075873
gives,0.002966627583075873
loving,0.002966627583075873
entire,0.002966627583075873
hurting,0.002966627583075873
anxious,0.002966627583075873
psychiatrist,0.002966627583075873
emotions,0.002966627583075873
check,0.002966627583075873
turn,0.002966627583075873
real,0.002966627583075873
Wish,0.002966627583075873
Fuck,0.002966627583075873
note,0.002966627583075873
human,0.002966627583075873
courage,0.002966627583075873
pass,0.002966627583075873
father,0.002966627583075873
dream,0.002966627583075873
pushing,0.002966627583075873
struggle,0.002966627583075873
low,0.002966627583075873
fake,0.002966627583075873
Most,0.002966627583075873
shitty,0.002966627583075873
soul,0.002966627583075873
seem,0.002966627583075873
met,0.002966627583075873
strong,0.002966627583075873
30,0.002966627583075873
light,0.002966627583075873
title,0.002966627583075873
dealing,0.002966627583075873
awful,0.002966627583075873
hit,0.002966627583075873
forward,0.002966627583075873
meant,0.002966627583075873
full,0.002966627583075873
considered,0.002966627583075873
bored,0.002966627583075873
quit,0.002966627583075873
worthless,0.002966627583075873
throughout,0.002966627583075873
doctor,0.002966627583075873
texted,0.002966627583075873
ready,0.002966627583075873
taken,0.002966627583075873
must,0.002966627583075873
call,0.002966627583075873
realized,0.002966627583075873
along,0.002966627583075873
Since,0.002966627583075873
keeps,0.002966627583075873
three,0.002966627583075873
trapped,0.002966627583075873
using,0.002966627583075873
cat,0.002966627583075873
conversations,0.002966627583075873
relationships,0.002966627583075873
fear,0.002966627583075873
glad,0.002966627583075873
wonder,0.002966627583075873
thinks,0.002966627583075873
failure,0.002966627583075873
fantasize,0.002966627583075873
helps,0.002966627583075873
often,0.002966627583075873
hatred,0.002966627583075873
guilty,0.002966627583075873
2020,0.002966627583075873
college,0.002966627583075873
choice,0.002966627583075873
disappointed,0.002966627583075873
least,0.002966627583075873
proud,0.002966627583075873
needs,0.002966627583075873
open,0.002966627583075873
weekend,0.002966627583075873
handle,0.002966627583075873
leaving,0.002966627583075873
hair,0.002966627583075873
Depression,0.002966627583075873
mine,0.002966627583075873
emotionally,0.002966627583075873
show,0.002966627583075873
multiple,0.002966627583075873
temporary,0.002966627583075873
sweet,0.002966627583075873
guys,0.002966627583075873
inconvenience,0.002966627583075873
exhausted,0.002966627583075873
EVERYONE,0.0022249706873069047
stopping,0.0022249706873069047
randomly,0.0022249706873069047
stuck,0.0022249706873069047
wasted,0.0022249706873069047
tonight,0.0022249706873069047
morning,0.0022249706873069047
sadness,0.0022249706873069047
reward,0.0022249706873069047
couple,0.0022249706873069047
wished,0.0022249706873069047
door,0.0022249706873069047
mum,0.0022249706873069047
Nobody,0.0022249706873069047
cannot,0.0022249706873069047
ex,0.0022249706873069047
medication,0.0022249706873069047
read,0.0022249706873069047
leaves,0.0022249706873069047
tied,0.0022249706873069047
tight,0.0022249706873069047
pressure,0.0022249706873069047
gun,0.0022249706873069047
choose,0.0022249706873069047
rope,0.0022249706873069047
numb,0.0022249706873069047
100%,0.0022249706873069047
disability,0.0022249706873069047
credit,0.0022249706873069047
unless,0.0022249706873069047
eventually,0.0022249706873069047
buy,0.0022249706873069047
earth,0.0022249706873069047
jump,0.0022249706873069047
front,0.0022249706873069047
angry,0.0022249706873069047
advise,0.0022249706873069047
process,0.0022249706873069047
current,0.0022249706873069047
games,0.0022249706873069047
caring,0.0022249706873069047
hopeless,0.0022249706873069047
survive,0.0022249706873069047
Feeling,0.0022249706873069047
TW,0.0022249706873069047
far,0.0022249706873069047
forced,0.0022249706873069047
giving,0.0022249706873069047
behavior,0.0022249706873069047
harm,0.0022249706873069047
spend,0.0022249706873069047
attempted,0.0022249706873069047
near,0.0022249706873069047
seen,0.0022249706873069047
society,0.0022249706873069047
relate,0.0022249706873069047
move,0.0022249706873069047
changed,0.0022249706873069047
lately,0.0022249706873069047
became,0.0022249706873069047
meds,0.0022249706873069047
bother,0.0022249706873069047
helped,0.0022249706873069047
general,0.0022249706873069047
talked,0.0022249706873069047
showed,0.0022249706873069047
helping,0.0022249706873069047
kms,0.0022249706873069047
Therapy,0.0022249706873069047
option,0.0022249706873069047
meaningless,0.0022249706873069047
blow,0.0022249706873069047
reasons,0.0022249706873069047
realised,0.0022249706873069047
WHEN,0.0022249706873069047
cops,0.0022249706873069047
Anyone,0.0022249706873069047
change,0.0022249706873069047
plans,0.0022249706873069047
useless,0.0022249706873069047
lay,0.0022249706873069047
food,0.0022249706873069047
blank,0.0022249706873069047
fit,0.0022249706873069047
inevitable,0.0022249706873069047
rid,0.0022249706873069047
began,0.0022249706873069047
growing,0.0022249706873069047
sitting,0.0022249706873069047
Hi,0.0022249706873069047
commit,0.0022249706873069047
eating,0.0022249706873069047
dating,0.0022249706873069047
diagnosed,0.0022249706873069047
appreciate,0.0022249706873069047
important,0.0022249706873069047
dreams,0.0022249706873069047
hardly,0.0022249706873069047
ton,0.0022249706873069047
half,0.0022249706873069047
bottle,0.0022249706873069047
seriously,0.0022249706873069047
Anyway,0.0022249706873069047
resilient,0.0022249706873069047
second,0.0022249706873069047
moved,0.0022249706873069047
country,0.0022249706873069047
parent,0.0022249706873069047
However,0.0022249706873069047
bear,0.0022249706873069047
Found,0.0022249706873069047
nightmares,0.0022249706873069047
method,0.0022249706873069047
crazy,0.0022249706873069047
stress,0.0022249706873069047
www,0.0022249706873069047
avalo,0.0022249706873069047
several,0.0022249706873069047
related,0.0022249706873069047
guy,0.0022249706873069047
listening,0.0022249706873069047
healthy,0.0022249706873069047
mean,0.0022249706873069047
surviving,0.0022249706873069047
afford,0.0022249706873069047
12,0.0022249706873069047
anyways,0.0022249706873069047
husband,0.0022249706873069047
Reddit,0.0022249706873069047
27,0.0022249706873069047
loser,0.0022249706873069047
10,0.0022249706873069047
25,0.0022249706873069047
cried,0.0022249706873069047
losing,0.0022249706873069047
closer,0.0022249706873069047
together,0.0022249706873069047
inside,0.0022249706873069047
overdose,0.0022249706873069047
toxic,0.0022249706873069047
story,0.0022249706873069047
reading,0.0022249706873069047
cutting,0.0022249706873069047
function,0.0022249706873069047
heavy,0.0022249706873069047
sugar,0.0022249706873069047
fix,0.0022249706873069047
causing,0.0022249706873069047
seeing,0.0022249706873069047
date,0.0022249706873069047
straight,0.0022249706873069047
married,0.0022249706873069047
memory,0.0022249706873069047
properly,0.0022249706873069047
pointless,0.0022249706873069047
purpose,0.0022249706873069047
Seriously,0.0022249706873069047
Any,0.0022249706873069047
cycle,0.0022249706873069047
nightmare,0.0022249706873069047
understands,0.0022249706873069047
reach,0.0022249706873069047
faceless,0.0022249706873069047
fault,0.0022249706873069047
abuse,0.0022249706873069047
realize,0.0022249706873069047
childhood,0.0022249706873069047
broken,0.0022249706873069047
Two,0.0022249706873069047
Honestly,0.0022249706873069047
FUCKING,0.0022249706873069047
loose,0.0022249706873069047
clear,0.0022249706873069047
stomach,0.0022249706873069047
meaning,0.0022249706873069047
deeper,0.0022249706873069047
Someone,0.0022249706873069047
kid,0.0022249706873069047
anyway,0.0022249706873069047
minor,0.0022249706873069047
connect,0.0022249706873069047
generally,0.0022249706873069047
likely,0.0022249706873069047
struggling,0.0022249706873069047
early,0.0022249706873069047
cope,0.0022249706873069047
Who,0.0022249706873069047
judged,0.0022249706873069047
express,0.0022249706873069047
war,0.0022249706873069047
lose,0.0022249706873069047
admit,0.0022249706873069047
shower,0.0022249706873069047
mess,0.0022249706873069047
turning,0.0022249706873069047
prefer,0.0022249706873069047
Suicide,0.0022249706873069047
autistic,0.0022249706873069047
escape,0.0022249706873069047
torture,0.0022249706873069047
assaulted,0.0022249706873069047
number,0.0022249706873069047
childish,0.0022249706873069047
impossible,0.0022249706873069047
Should,0.0022249706873069047
hide,0.0022249706873069047
breathe,0.0022249706873069047
frustrated,0.0022249706873069047
waking,0.0022249706873069047
birthday,0.0022249706873069047
ideation,0.0022249706873069047
shock,0.0022249706873069047
beautiful,0.0022249706873069047
small,0.0022249706873069047
worry,0.0022249706873069047
heard,0.0022249706873069047
knife,0.0022249706873069047
sit,0.0022249706873069047
brings,0.0022249706873069047
Do,0.0022249706873069047
failed,0.0022249706873069047
liar,0.0022249706873069047
ask,0.0022249706873069047
somewhere,0.0022249706873069047
peaceful,0.0022249706873069047
interacting,0.0022249706873069047
keeping,0.0022249706873069047
prepare,0.0022249706873069047
police,0.0022249706873069047
hospitalized,0.0022249706873069047
painful,0.0022249706873069047
fat,0.0022249706873069047
SO,0.0022249706873069047
DONE,0.0022249706873069047
LIFE,0.0022249706873069047
RE,0.0022249706873069047
final,0.0022249706873069047
AM,0.0014833137915379365
DEFINITELY,0.0014833137915379365
JUST,0.0014833137915379365
CANT,0.0014833137915379365
EVERYDAY,0.0014833137915379365
ME,0.0014833137915379365
peacefully,0.0014833137915379365
trace,0.0014833137915379365
wasting,0.0014833137915379365
scary,0.0014833137915379365
lack,0.0014833137915379365
worried,0.0014833137915379365
vacation,0.0014833137915379365
Going,0.0014833137915379365
2021,0.0014833137915379365
heartbroken,0.0014833137915379365
decision,0.0014833137915379365
tinnitus,0.0014833137915379365
system,0.0014833137915379365
physical,0.0014833137915379365
messed,0.0014833137915379365
walking,0.0014833137915379365
course,0.0014833137915379365
signs,0.0014833137915379365
balls,0.0014833137915379365
neck,0.0014833137915379365
building,0.0014833137915379365
Guess,0.0014833137915379365
sake,0.0014833137915379365
guts,0.0014833137915379365
Because,0.0014833137915379365
filled,0.0014833137915379365
complete,0.0014833137915379365
wrote,0.0014833137915379365
pulled,0.0014833137915379365
punched,0.0014833137915379365
wall,0.0014833137915379365
whether,0.0014833137915379365
disabled,0.0014833137915379365
receive,0.0014833137915379365
drugs,0.0014833137915379365
remain,0.0014833137915379365
slum,0.0014833137915379365
bc,0.0014833137915379365
true,0.0014833137915379365
punishment,0.0014833137915379365
blamed,0.0014833137915379365
level,0.0014833137915379365
appreciated,0.0014833137915379365
may,0.0014833137915379365
ashes,0.0014833137915379365
Colorado,0.0014833137915379365
news,0.0014833137915379365
question,0.0014833137915379365
ideas,0.0014833137915379365
including,0.0014833137915379365
necessarily,0.0014833137915379365
onto,0.0014833137915379365
write,0.0014833137915379365
lead,0.0014833137915379365
naturally,0.0014833137915379365
video,0.0014833137915379365
hobbies,0.0014833137915379365
mourning,0.0014833137915379365
unable,0.0014833137915379365
woke,0.0014833137915379365
quote,0.0014833137915379365
music,0.0014833137915379365
depressing,0.0014833137915379365
laughing,0.0014833137915379365
cries,0.0014833137915379365
40,0.0014833137915379365
ass,0.0014833137915379365
paying,0.0014833137915379365
bills,0.0014833137915379365
imagining,0.0014833137915379365
silly,0.0014833137915379365
fallen,0.0014833137915379365
apart,0.0014833137915379365
jealous,0.0014833137915379365
realizing,0.0014833137915379365
urges,0.0014833137915379365
harming,0.0014833137915379365
waste,0.0014833137915379365
whoever,0.0014833137915379365
relief,0.0014833137915379365
Medication,0.0014833137915379365
anywhere,0.0014833137915379365
void,0.0014833137915379365
befriend,0.0014833137915379365
pretends,0.0014833137915379365
satisfaction,0.0014833137915379365
happening,0.0014833137915379365
social,0.0014833137915379365
manage,0.0014833137915379365
blood,0.0014833137915379365
shotgun,0.0014833137915379365
beating,0.0014833137915379365
crap,0.0014833137915379365
strength,0.0014833137915379365
13,0.0014833137915379365
desire,0.0014833137915379365
stressful,0.0014833137915379365
illnesses,0.0014833137915379365
venting,0.0014833137915379365
unfortunately,0.0014833137915379365
price,0.0014833137915379365
god,0.0014833137915379365
late,0.0014833137915379365
button,0.0014833137915379365
appealing,0.0014833137915379365
travel,0.0014833137915379365
trouble,0.0014833137915379365
push,0.0014833137915379365
mold,0.0014833137915379365
doubt,0.0014833137915379365
becomes,0.0014833137915379365
action,0.0014833137915379365
devastated,0.0014833137915379365
unbelievably,0.0014833137915379365
sand,0.0014833137915379365
shot,0.0014833137915379365
sub,0.0014833137915379365
attempts,0.0014833137915379365
triggered,0.0014833137915379365
visit,0.0014833137915379365
twice,0.0014833137915379365
triggering,0.0014833137915379365
ER,0.0014833137915379365
Friday,0.0014833137915379365
Some,0.0014833137915379365
smart,0.0014833137915379365
bricks,0.0014833137915379365
research,0.0014833137915379365
desperately,0.0014833137915379365
afterwards,0.0014833137915379365
Tried,0.0014833137915379365
ghosted,0.0014833137915379365
oh,0.0014833137915379365
figure,0.0014833137915379365
Each,0.0014833137915379365
word,0.0014833137915379365
US,0.0014833137915379365
weird,0.0014833137915379365
psych,0.0014833137915379365
ward,0.0014833137915379365
laugh,0.0014833137915379365
pillow,0.0014833137915379365
expensive,0.0014833137915379365
miserable,0.0014833137915379365
none,0.0014833137915379365
Thanks,0.0014833137915379365
crisis,0.0014833137915379365
bathroom,0.0014833137915379365
lived,0.0014833137915379365
hands,0.0014833137915379365
Thinking,0.0014833137915379365
joy,0.0014833137915379365
cats,0.0014833137915379365
excited,0.0014833137915379365
conversation,0.0014833137915379365
calls,0.0014833137915379365
ostracized,0.0014833137915379365
fog,0.0014833137915379365
despite,0.0014833137915379365
inevitably,0.0014833137915379365
stops,0.0014833137915379365
children,0.0014833137915379365
income,0.0014833137915379365
savings,0.0014833137915379365
panic,0.0014833137915379365
coward,0.0014833137915379365
Writing,0.0014833137915379365
holding,0.0014833137915379365
hiding,0.0014833137915379365
moms,0.0014833137915379365
focused,0.0014833137915379365
jobs,0.0014833137915379365
backstabbed,0.0014833137915379365
fantasizing,0.0014833137915379365
emotional,0.0014833137915379365
ptsd,0.0014833137915379365
slept,0.0014833137915379365
desired,0.0014833137915379365
matters,0.0014833137915379365
Death,0.0014833137915379365
gaslighting,0.0014833137915379365
blame,0.0014833137915379365
forget,0.0014833137915379365
wait,0.0014833137915379365
Called,0.0014833137915379365
closing,0.0014833137915379365
Only,0.0014833137915379365
bridges,0.0014833137915379365
brains,0.0014833137915379365
bathtub,0.0014833137915379365
lying,0.0014833137915379365
overcome,0.0014833137915379365
classes,0.0014833137915379365
weekends,0.0014833137915379365
mad,0.0014833137915379365
19,0.0014833137915379365
Everyday,0.0014833137915379365
cant,0.0014833137915379365
isolating,0.0014833137915379365
professor,0.0014833137915379365
graduated,0.0014833137915379365
top,0.0014833137915379365
COVID,0.0014833137915379365
After,0.0014833137915379365
wont,0.0014833137915379365
dumb,0.0014833137915379365
Yeah,0.0014833137915379365
promise,0.0014833137915379365
eternal,0.0014833137915379365
committing,0.0014833137915379365
hates,0.0014833137915379365
led,0.0014833137915379365
experiences,0.0014833137915379365
relating,0.0014833137915379365
planned,0.0014833137915379365
disorder,0.0014833137915379365
caused,0.0014833137915379365
underweight,0.0014833137915379365
looks,0.0014833137915379365
weed,0.0014833137915379365
despise,0.0014833137915379365
definitely,0.0014833137915379365
terms,0.0014833137915379365
takes,0.0014833137915379365
deeply,0.0014833137915379365
boy,0.0014833137915379365
decline,0.0014833137915379365
known,0.0014833137915379365
deny,0.0014833137915379365
frequently,0.0014833137915379365
Without,0.0014833137915379365
topic,0.0014833137915379365
thats,0.0014833137915379365
negative,0.0014833137915379365
patterns,0.0014833137915379365
cousin,0.0014833137915379365
heartbreaking,0.0014833137915379365
suffers,0.0014833137915379365
breakdown,0.0014833137915379365
disease,0.0014833137915379365
whatever,0.0014833137915379365
ive,0.0014833137915379365
feeding,0.0014833137915379365
views,0.0014833137915379365
path,0.0014833137915379365
towards,0.0014833137915379365
Ever,0.0014833137915379365
walk,0.0014833137915379365
Although,0.0014833137915379365
fast,0.0014833137915379365
destined,0.0014833137915379365
brave,0.0014833137915379365
internal,0.0014833137915379365
issue,0.0014833137915379365
result,0.0014833137915379365
strange,0.0014833137915379365
specific,0.0014833137915379365
friendship,0.0014833137915379365
drinking,0.0014833137915379365
ups,0.0014833137915379365
occasional,0.0014833137915379365
downs,0.0014833137915379365
lunch,0.0014833137915379365
minutes,0.0014833137915379365
boss,0.0014833137915379365
29,0.0014833137915379365
unlovable,0.0014833137915379365
men,0.0014833137915379365
row,0.0014833137915379365
meet,0.0014833137915379365
proper,0.0014833137915379365
except,0.0014833137915379365
shooting,0.0014833137915379365
birth,0.0014833137915379365
bringing,0.0014833137915379365
routine,0.0014833137915379365
Ugh,0.0014833137915379365
totally,0.0014833137915379365
blue,0.0014833137915379365
honest,0.0014833137915379365
stable,0.0014833137915379365
roof,0.0014833137915379365
mouth,0.0014833137915379365
responses,0.0014833137915379365
borderline,0.0014833137915379365
Once,0.0014833137915379365
feminine,0.0014833137915379365
posts,0.0014833137915379365
response,0.0014833137915379365
win,0.0014833137915379365
drive,0.0014833137915379365
recognize,0.0014833137915379365
ghost,0.0014833137915379365
zero,0.0014833137915379365
however,0.0014833137915379365
reached,0.0014833137915379365
anger,0.0014833137915379365
damned,0.0014833137915379365
truth,0.0014833137915379365
BUT,0.0014833137915379365
someday,0.0014833137915379365
chronic,0.0014833137915379365
clinical,0.0014833137915379365
severe,0.0014833137915379365
necessary,0.0014833137915379365
offering,0.0014833137915379365
pay,0.0014833137915379365
Well,0.0014833137915379365
67,0.0014833137915379365
dude,0.0014833137915379365
calling,0.0014833137915379365
comfortable,0.0014833137915379365
send,0.0014833137915379365
situation,0.0014833137915379365
simply,0.0014833137915379365
brought,0.0014833137915379365
doctors,0.0014833137915379365
accident,0.0014833137915379365
coworkers,0.0014833137915379365
actual,0.0014833137915379365
ground,0.0014833137915379365
Happy,0.0014833137915379365
20th,0.0014833137915379365
traumatic,0.0014833137915379365
locked,0.0014833137915379365
chronically,0.0014833137915379365
class,0.0014833137915379365
third,0.0014833137915379365
ugliest,0.0014833137915379365
game,0.0014833137915379365
play,0.0014833137915379365
undesirable,0.0014833137915379365
apps,0.0014833137915379365
meeting,0.0014833137915379365
nights,0.0014833137915379365
abandoned,0.0014833137915379365
cancer,0.0014833137915379365
exhausting,0.0014833137915379365
Tonight,0.0014833137915379365
rooms,0.0014833137915379365
casual,0.0014833137915379365
age,0.0014833137915379365
belong,0.0014833137915379365
cursed,0.0014833137915379365
minute,0.0014833137915379365
falling,0.0014833137915379365
restaurant,0.0014833137915379365
believes,0.0014833137915379365
details,0.0014833137915379365
stranger,0.0014833137915379365
sexually,0.0014833137915379365
Will,0.0014833137915379365
ambition,0.0014833137915379365
cold,0.0014833137915379365
flashback,0.0014833137915379365
Everytime,0.0014833137915379365
functioning,0.0014833137915379365
space,0.0014833137915379365
despises,0.0014833137915379365
walls,0.0014833137915379365
violent,0.0014833137915379365
facility,0.0014833137915379365
accept,0.0014833137915379365
short,0.0014833137915379365
ruined,0.0014833137915379365
pathetic,0.0014833137915379365
city,0.0014833137915379365
somewhat,0.0014833137915379365
immediately,0.0014833137915379365
utter,0.0014833137915379365
endless,0.0014833137915379365
imagine,0.0014833137915379365
fully,0.0014833137915379365
car,0.0014833137915379365
message,0.0014833137915379365
subreddit,0.0014833137915379365
depressive,0.0014833137915379365
episodes,0.0014833137915379365
interest,0.0014833137915379365
corpse,0.0014833137915379365
act,0.0014833137915379365
pretend,0.0014833137915379365
hold,0.0014833137915379365
tiredI,0.0014833137915379365
decade,0.0014833137915379365
rapist,0.0014833137915379365
uncle,0.0014833137915379365
abused,0.0014833137915379365
paid,0.0014833137915379365
forgotten,0.0014833137915379365
capable,0.0014833137915379365
proceeded,0.0014833137915379365
cheer,0.0014833137915379365
35,0.0014833137915379365
household,0.0014833137915379365
chain,0.0014833137915379365
hearing,0.0014833137915379365
Things,0.0014833137915379365
starve,0.0014833137915379365
interests,0.0014833137915379365
hated,0.0014833137915379365
underneath,0.0014833137915379365
--,0.0014833137915379365
exceedingly,0.0014833137915379365
darkest,0.0014833137915379365
WISH,0.0014833137915379365
WHY,0.0014833137915379365
FUCK,0.0014833137915379365
thud,0.0014833137915379365
paramedics,0.0014833137915379365
GOING,0.0007416568957689683
STAB,0.0007416568957689683
STOMACH,0.0007416568957689683
BLEED,0.0007416568957689683
BED,0.0007416568957689683
HEAD,0.0007416568957689683
TAKE,0.0007416568957689683
ANYMORE,0.0007416568957689683
GETTING,0.0007416568957689683
WORSE,0.0007416568957689683
IM,0.0007416568957689683
SORRY,0.0007416568957689683
REALLY,0.0007416568957689683
UpdateI,0.0007416568957689683
abducted,0.0007416568957689683
aliens,0.0007416568957689683
vanish,0.0007416568957689683
Stuck,0.0007416568957689683
average,0.0007416568957689683
14hr,0.0007416568957689683
confide,0.0007416568957689683
confidence,0.0007416568957689683
hygiene,0.0007416568957689683
parties,0.0007416568957689683
stays,0.0007416568957689683
Here,0.0007416568957689683
sufferingI,0.0007416568957689683
cross,0.0007416568957689683
unbelievable,0.0007416568957689683
faster,0.0007416568957689683
Antidepressants,0.0007416568957689683
mildly,0.0007416568957689683
stressed,0.0007416568957689683
SSRIs,0.0007416568957689683
sexual,0.0007416568957689683
cognition,0.0007416568957689683
eyesight,0.0007416568957689683
relations,0.0007416568957689683
badly,0.0007416568957689683
hormones,0.0007416568957689683
signing,0.0007416568957689683
hopes,0.0007416568957689683
brushed,0.0007416568957689683
fcuked,0.0007416568957689683
fcuking,0.0007416568957689683
involved,0.0007416568957689683
checked,0.0007416568957689683
Pain,0.0007416568957689683
suffocate,0.0007416568957689683
scarf,0.0007416568957689683
waited,0.0007416568957689683
explode,0.0007416568957689683
tie,0.0007416568957689683
knot,0.0007416568957689683
loosen,0.0007416568957689683
Shouldn,0.0007416568957689683
32,0.0007416568957689683
idea,0.0007416568957689683
crawled,0.0007416568957689683
finished,0.0007416568957689683
unhappy,0.0007416568957689683
sorta,0.0007416568957689683
boredom,0.0007416568957689683
mindless,0.0007416568957689683
precious,0.0007416568957689683
siblings,0.0007416568957689683
ect,0.0007416568957689683
hopeful,0.0007416568957689683
inspirational,0.0007416568957689683
sections,0.0007416568957689683
stair,0.0007416568957689683
banisters,0.0007416568957689683
partial,0.0007416568957689683
dizzy,0.0007416568957689683
breath,0.0007416568957689683
nowhere,0.0007416568957689683
noose,0.0007416568957689683
stairs,0.0007416568957689683
resilience,0.0007416568957689683
myelf,0.0007416568957689683
tipping,0.0007416568957689683
veteran,0.0007416568957689683
compensation,0.0007416568957689683
VA,0.0007416568957689683
44K,0.0007416568957689683
Chronically,0.0007416568957689683
inability,0.0007416568957689683
background,0.0007416568957689683
lord,0.0007416568957689683
score,0.0007416568957689683
shall,0.0007416568957689683
errors,0.0007416568957689683
felonies,0.0007416568957689683
scum,0.0007416568957689683
power,0.0007416568957689683
property,0.0007416568957689683
blasted,0.0007416568957689683
train,0.0007416568957689683
punished,0.0007416568957689683
literal,0.0007416568957689683
crippling,0.0007416568957689683
Productivity,0.0007416568957689683
decreased,0.0007416568957689683
unacceptable,0.0007416568957689683
trust,0.0007416568957689683
PS,0.0007416568957689683
native,0.0007416568957689683
English,0.0007416568957689683
speaker,0.0007416568957689683
grammatically,0.0007416568957689683
accurate,0.0007416568957689683
Dad,0.0007416568957689683
TRIGGER,0.0007416568957689683
WARNING,0.0007416568957689683
SUICIDE,0.0007416568957689683
DOMESTIC,0.0007416568957689683
ABUSE,0.0007416568957689683
PEDOPHILLIA,0.0007416568957689683
flew,0.0007416568957689683
received,0.0007416568957689683
estranged,0.0007416568957689683
hung,0.0007416568957689683
cremate,0.0007416568957689683
flushing,0.0007416568957689683
toilet,0.0007416568957689683
nasty,0.0007416568957689683
journaling,0.0007416568957689683
page,0.0007416568957689683
released,0.0007416568957689683
release,0.0007416568957689683
emotion,0.0007416568957689683
unhealthy,0.0007416568957689683
Really,0.0007416568957689683
Doubling,0.0007416568957689683
anti,0.0007416568957689683
depressant,0.0007416568957689683
dosage,0.0007416568957689683
Meds,0.0007416568957689683
content,0.0007416568957689683
hindsight,0.0007416568957689683
cost,0.0007416568957689683
wonderfully,0.0007416568957689683
euthanized,0.0007416568957689683
ASAP,0.0007416568957689683
humiliated,0.0007416568957689683
harassed,0.0007416568957689683
decide,0.0007416568957689683
maze,0.0007416568957689683
scape,0.0007416568957689683
suffocated,0.0007416568957689683
refusing,0.0007416568957689683
rape,0.0007416568957689683
watering,0.0007416568957689683
public,0.0007416568957689683
puffy,0.0007416568957689683
bawling,0.0007416568957689683
given,0.0007416568957689683
melancholic,0.0007416568957689683
matches,0.0007416568957689683
mistaken,0.0007416568957689683
threats,0.0007416568957689683
minority,0.0007416568957689683
rent,0.0007416568957689683
workHe,0.0007416568957689683
normalcy,0.0007416568957689683
fathomed,0.0007416568957689683
handling,0.0007416568957689683
ifs,0.0007416568957689683
warning,0.0007416568957689683
sooner,0.0007416568957689683
successful,0.0007416568957689683
aches,0.0007416568957689683
Scared,0.0007416568957689683
study,0.0007416568957689683
carve,0.0007416568957689683
feature,0.0007416568957689683
case,0.0007416568957689683
Hold,0.0007416568957689683
partners,0.0007416568957689683
F23,0.0007416568957689683
fashion,0.0007416568957689683
skinnier,0.0007416568957689683
obsessed,0.0007416568957689683
materialistic,0.0007416568957689683
cynical,0.0007416568957689683
business,0.0007416568957689683
tells,0.0007416568957689683
convo,0.0007416568957689683
themI,0.0007416568957689683
drowning,0.0007416568957689683
minimal,0.0007416568957689683
touch,0.0007416568957689683
evil,0.0007416568957689683
beyond,0.0007416568957689683
repair,0.0007416568957689683
Dealing,0.0007416568957689683
anguish,0.0007416568957689683
richer,0.0007416568957689683
stab,0.0007416568957689683
complacent,0.0007416568957689683
latest,0.0007416568957689683
trend,0.0007416568957689683
media,0.0007416568957689683
puke,0.0007416568957689683
prevented,0.0007416568957689683
source,0.0007416568957689683
&#,0.0007416568957689683
x200B,0.0007416568957689683
stronger,0.0007416568957689683
THERE,0.0007416568957689683
FIGHT,0.0007416568957689683
EVEN,0.0007416568957689683
HIT,0.0007416568957689683
LOWEST,0.0007416568957689683
LOW,0.0007416568957689683
teacher,0.0007416568957689683
lied,0.0007416568957689683
marks,0.0007416568957689683
jail,0.0007416568957689683
court,0.0007416568957689683
thisAfter,0.0007416568957689683
20s,0.0007416568957689683
exhilarating,0.0007416568957689683
postponed,0.0007416568957689683
owe,0.0007416568957689683
writing,0.0007416568957689683
obvious,0.0007416568957689683
darker,0.0007416568957689683
sleepGod,0.0007416568957689683
sunrises,0.0007416568957689683
conscious,0.0007416568957689683
aspire,0.0007416568957689683
seven,0.0007416568957689683
yeah,0.0007416568957689683
experienced,0.0007416568957689683
spiraled,0.0007416568957689683
bottom,0.0007416568957689683
Time,0.0007416568957689683
passing,0.0007416568957689683
blur,0.0007416568957689683
willpower,0.0007416568957689683
respectful,0.0007416568957689683
sickness,0.0007416568957689683
romanticized,0.0007416568957689683
viable,0.0007416568957689683
hollow,0.0007416568957689683
inter,0.0007416568957689683
anymoreI,0.0007416568957689683
ache,0.0007416568957689683
intimate,0.0007416568957689683
suddenly,0.0007416568957689683
spring,0.0007416568957689683
beach,0.0007416568957689683
skimboard,0.0007416568957689683
toes,0.0007416568957689683
deadJust,0.0007416568957689683
miserably,0.0007416568957689683
suicidewatch,0.0007416568957689683
relevant,0.0007416568957689683
add,0.0007416568957689683
spoiler,0.0007416568957689683
Hopefully,0.0007416568957689683
ban,0.0007416568957689683
idc,0.0007416568957689683
matterMy,0.0007416568957689683
M21,0.0007416568957689683
F20,0.0007416568957689683
disorders,0.0007416568957689683
asthma,0.0007416568957689683
weighted,0.0007416568957689683
among,0.0007416568957689683
suggestive,0.0007416568957689683
psychiatric,0.0007416568957689683
uncooperative,0.0007416568957689683
responsibilities,0.0007416568957689683
doen,0.0007416568957689683
everybody,0.0007416568957689683
slightest,0.0007416568957689683
Basically,0.0007416568957689683
improve,0.0007416568957689683
Start,0.0007416568957689683
convincing,0.0007416568957689683
wan,0.0007416568957689683
throatI,0.0007416568957689683
survived,0.0007416568957689683
NSFW,0.0007416568957689683
chugged,0.0007416568957689683
scotch,0.0007416568957689683
swallowed,0.0007416568957689683
hydrocodone,0.0007416568957689683
acetaminophen,0.0007416568957689683
expired,0.0007416568957689683
cool,0.0007416568957689683
dry,0.0007416568957689683
wisdom,0.0007416568957689683
teeth,0.0007416568957689683
Waking,0.0007416568957689683
disappointing,0.0007416568957689683
ha,0.0007416568957689683
Felt,0.0007416568957689683
dealt,0.0007416568957689683
haha,0.0007416568957689683
wild,0.0007416568957689683
Black,0.0007416568957689683
bank,0.0007416568957689683
holder,0.0007416568957689683
black,0.0007416568957689683
dropped,0.0007416568957689683
reaching,0.0007416568957689683
contact,0.0007416568957689683
replies,0.0007416568957689683
formal,0.0007416568957689683
breaks,0.0007416568957689683
attend,0.0007416568957689683
uni,0.0007416568957689683
abour,0.0007416568957689683
homeland,0.0007416568957689683
States,0.0007416568957689683
shy,0.0007416568957689683
grocery,0.0007416568957689683
store,0.0007416568957689683
lady,0.0007416568957689683
following,0.0007416568957689683
existing,0.0007416568957689683
planet,0.0007416568957689683
billions,0.0007416568957689683
Also,0.0007416568957689683
misogynist,0.0007416568957689683
religious,0.0007416568957689683
freaks,0.0007416568957689683
website,0.0007416568957689683
treat,0.0007416568957689683
symptoms,0.0007416568957689683
restore,0.0007416568957689683
Huh,0.0007416568957689683
sinusitis,0.0007416568957689683
covered,0.0007416568957689683
scene,0.0007416568957689683
otolaryngologist,0.0007416568957689683
keen,0.0007416568957689683
returning,0.0007416568957689683
reliable,0.0007416568957689683
Restore,0.0007416568957689683
ungrateful,0.0007416568957689683
complaining,0.0007416568957689683
fed,0.0007416568957689683
slaving,0.0007416568957689683
green,0.0007416568957689683
paper,0.0007416568957689683
achieve,0.0007416568957689683
tag,0.0007416568957689683
formed,0.0007416568957689683
draining,0.0007416568957689683
launched,0.0007416568957689683
peers,0.0007416568957689683
professionals,0.0007416568957689683
Avalo,0.0007416568957689683
Was,0.0007416568957689683
peer,0.0007416568957689683
professional,0.0007416568957689683
https,0.0007416568957689683
checking,0.0007416568957689683
anonymous,0.0007416568957689683
Existential,0.0007416568957689683
chair,0.0007416568957689683
computer,0.0007416568957689683
touched,0.0007416568957689683
opened,0.0007416568957689683
white,0.0007416568957689683
relieved,0.0007416568957689683
uneasy,0.0007416568957689683
losses,0.0007416568957689683
Many,0.0007416568957689683
decades,0.0007416568957689683
shocked,0.0007416568957689683
Both,0.0007416568957689683
confusion,0.0007416568957689683
derealisation,0.0007416568957689683
sexting,0.0007416568957689683
everytime,0.0007416568957689683
cautious,0.0007416568957689683
develop,0.0007416568957689683
force,0.0007416568957689683
sat,0.0007416568957689683
quickly,0.0007416568957689683
Usually,0.0007416568957689683
uninteresting,0.0007416568957689683
credentials,0.0007416568957689683
iq,0.0007416568957689683
49,0.0007416568957689683
goto,0.0007416568957689683
disgusted,0.0007416568957689683
confirm,0.0007416568957689683
Seeing,0.0007416568957689683
tears,0.0007416568957689683
rage,0.0007416568957689683
despair,0.0007416568957689683
toward,0.0007416568957689683
turns,0.0007416568957689683
technically,0.0007416568957689683
guarantee,0.0007416568957689683
conform,0.0007416568957689683
Work,0.0007416568957689683
Kids,0.0007416568957689683
Hell,0.0007416568957689683
fire,0.0007416568957689683
alright,0.0007416568957689683
supervisor,0.0007416568957689683
spout,0.0007416568957689683
conspiracy,0.0007416568957689683
theory,0.0007416568957689683
antivax,0.0007416568957689683
pushed,0.0007416568957689683
Scrounging,0.0007416568957689683
doordash,0.0007416568957689683
instacart,0.0007416568957689683
attacks,0.0007416568957689683
singing,0.0007416568957689683
tune,0.0007416568957689683
compound,0.0007416568957689683
sentences,0.0007416568957689683
huh,0.0007416568957689683
chest,0.0007416568957689683
Last,0.0007416568957689683
bout,0.0007416568957689683
Buck,0.0007416568957689683
recommended,0.0007416568957689683
hesitant,0.0007416568957689683
attack,0.0007416568957689683
50%,0.0007416568957689683
failing,0.0007416568957689683
31,0.0007416568957689683
motivated,0.0007416568957689683
overweight,0.0007416568957689683
women,0.0007416568957689683
suck,0.0007416568957689683
friendless,0.0007416568957689683
total,0.0007416568957689683
Feel,0.0007416568957689683
wonderful,0.0007416568957689683
abruptly,0.0007416568957689683
pretended,0.0007416568957689683
outcome,0.0007416568957689683
cruel,0.0007416568957689683
Therapist,0.0007416568957689683
session,0.0007416568957689683
upsetting,0.0007416568957689683
loss,0.0007416568957689683
grip,0.0007416568957689683
100,0.0007416568957689683
changing,0.0007416568957689683
complex,0.0007416568957689683
major,0.0007416568957689683
capacity,0.0007416568957689683
HopeEmpty,0.0007416568957689683
ft,0.0007416568957689683
Little,0.0007416568957689683
verbally,0.0007416568957689683
posting,0.0007416568957689683
Could,0.0007416568957689683
shoulder,0.0007416568957689683
somebody,0.0007416568957689683
terrifying,0.0007416568957689683
knots,0.0007416568957689683
happier,0.0007416568957689683
art,0.0007416568957689683
picks,0.0007416568957689683
traumatize,0.0007416568957689683
finds,0.0007416568957689683
Society,0.0007416568957689683
Months,0.0007416568957689683
hypocrisy,0.0007416568957689683
Emotional,0.0007416568957689683
cruelty,0.0007416568957689683
Hearing,0.0007416568957689683
defeated,0.0007416568957689683
discarded,0.0007416568957689683
unloved,0.0007416568957689683
Videogames,0.0007416568957689683
opening,0.0007416568957689683
random,0.0007416568957689683
Reading,0.0007416568957689683
twenty,0.0007416568957689683
odd,0.0007416568957689683
likes,0.0007416568957689683
Friends,0.0007416568957689683
burning,0.0007416568957689683
bite,0.0007416568957689683
bullet,0.0007416568957689683
counting,0.0007416568957689683
soonerYesterday,0.0007416568957689683
ment,0.0007416568957689683
agesI,0.0007416568957689683
Goddamn,0.0007416568957689683
noticing,0.0007416568957689683
9am,0.0007416568957689683
11,0.0007416568957689683
follows,0.0007416568957689683
homework,0.0007416568957689683
naps,0.0007416568957689683
refreshed,0.0007416568957689683
carb,0.0007416568957689683
foods,0.0007416568957689683
diet,0.0007416568957689683
impact,0.0007416568957689683
fele,0.0007416568957689683
excitement,0.0007416568957689683
ponder,0.0007416568957689683
smallest,0.0007416568957689683
disgusting,0.0007416568957689683
hideous,0.0007416568957689683
monster,0.0007416568957689683
saturday,0.0007416568957689683
slut,0.0007416568957689683
alreadyi,0.0007416568957689683
unsatisfied,0.0007416568957689683
unattractive,0.0007416568957689683
alter,0.0007416568957689683
appearance,0.0007416568957689683
forgetting,0.0007416568957689683
daydreaming,0.0007416568957689683
insecure,0.0007416568957689683
exact,0.0007416568957689683
29yrs,0.0007416568957689683
University,0.0007416568957689683
studying,0.0007416568957689683
researching,0.0007416568957689683
grad,0.0007416568957689683
schools,0.0007416568957689683
student,0.0007416568957689683
yrs,0.0007416568957689683
realization,0.0007416568957689683
generation,0.0007416568957689683
sisters,0.0007416568957689683
cousins,0.0007416568957689683
Aunt,0.0007416568957689683
name,0.0007416568957689683
genealogy,0.0007416568957689683
tree,0.0007416568957689683
niece,0.0007416568957689683
baby,0.0007416568957689683
distant,0.0007416568957689683
Btw,0.0007416568957689683
miscellaneous,0.0007416568957689683
Truly,0.0007416568957689683
outsider,0.0007416568957689683
speak,0.0007416568957689683
fade,0.0007416568957689683
nothingness,0.0007416568957689683
funny,0.0007416568957689683
GET,0.0007416568957689683
OVER,0.0007416568957689683
HER,0.0007416568957689683
DEATH,0.0007416568957689683
PLS,0.0007416568957689683
HELP,0.0007416568957689683
23M,0.0007416568957689683
assault,0.0007416568957689683
unalive,0.0007416568957689683
similar,0.0007416568957689683
somone,0.0007416568957689683
therpist,0.0007416568957689683
youIf,0.0007416568957689683
success,0.0007416568957689683
rate,0.0007416568957689683
believing,0.0007416568957689683
furious,0.0007416568957689683
watching,0.0007416568957689683
ate,0.0007416568957689683
approximately,0.0007416568957689683
20,0.0007416568957689683
30kg,0.0007416568957689683
weights,0.0007416568957689683
edge,0.0007416568957689683
fragile,0.0007416568957689683
Almost,0.0007416568957689683
skeleton,0.0007416568957689683
regularly,0.0007416568957689683
smokes,0.0007416568957689683
illegal,0.0007416568957689683
threw,0.0007416568957689683
collapsed,0.0007416568957689683
While,0.0007416568957689683
bench,0.0007416568957689683
annoy,0.0007416568957689683
succeed,0.0007416568957689683
easily,0.0007416568957689683
deserve.26,0.0007416568957689683
smoking,0.0007416568957689683
rinsing,0.0007416568957689683
repeating,0.0007416568957689683
embrace,0.0007416568957689683
yelled,0.0007416568957689683
laptop,0.0007416568957689683
continuing,0.0007416568957689683
anymore.23,0.0007416568957689683
yr,0.0007416568957689683
excepted,0.0007416568957689683
cuddle,0.0007416568957689683
dogs,0.0007416568957689683
tiresome,0.0007416568957689683
initiate,0.0007416568957689683
hibernate,0.0007416568957689683
avoids,0.0007416568957689683
complicated,0.0007416568957689683
mid,0.0007416568957689683
17,0.0007416568957689683
sleepover,0.0007416568957689683
Might,0.0007416568957689683
advices,0.0007416568957689683
missing,0.0007416568957689683
john,0.0007416568957689683
doe,0.0007416568957689683
gutter,0.0007416568957689683
sadly,0.0007416568957689683
onlyAre,0.0007416568957689683
apprehensive,0.0007416568957689683
Increasingly,0.0007416568957689683
realising,0.0007416568957689683
extent,0.0007416568957689683
extended,0.0007416568957689683
mainly,0.0007416568957689683
acquired,0.0007416568957689683
traits,0.0007416568957689683
communicate,0.0007416568957689683
healthier,0.0007416568957689683
shake,0.0007416568957689683
lifetime,0.0007416568957689683
CPTSD,0.0007416568957689683
Therefore,0.0007416568957689683
rethink,0.0007416568957689683
bunch,0.0007416568957689683
3rd,0.0007416568957689683
78,0.0007416568957689683
supplements,0.0007416568957689683
hopefully,0.0007416568957689683
everyoneI,0.0007416568957689683
accepted,0.0007416568957689683
dieI,0.0007416568957689683
positivity,0.0007416568957689683
NO,0.0007416568957689683
UNDERSTANDS,0.0007416568957689683
christmas,0.0007416568957689683
Disease,0.0007416568957689683
Still,0.0007416568957689683
nightmaresome,0.0007416568957689683
opinions,0.0007416568957689683
nicest,0.0007416568957689683
pictures,0.0007416568957689683
thin,0.0007416568957689683
er,0.0007416568957689683
refuse,0.0007416568957689683
tube,0.0007416568957689683
enjoys,0.0007416568957689683
toxically,0.0007416568957689683
pessimistic,0.0007416568957689683
piece,0.0007416568957689683
discussion,0.0007416568957689683
friendships,0.0007416568957689683
barren,0.0007416568957689683
valley,0.0007416568957689683
Feels,0.0007416568957689683
impress,0.0007416568957689683
hoping,0.0007416568957689683
Absolutely,0.0007416568957689683
driving,0.0007416568957689683
Much,0.0007416568957689683
simple,0.0007416568957689683
70,0.0007416568957689683
weakness,0.0007416568957689683
leap,0.0007416568957689683
join,0.0007416568957689683
departed,0.0007416568957689683
Sadly,0.0007416568957689683
flickers,0.0007416568957689683
issues,0.0007416568957689683
normies,0.0007416568957689683
interact,0.0007416568957689683
swings,0.0007416568957689683
snap,0.0007416568957689683
finger,0.0007416568957689683
dwell,0.0007416568957689683
escalates,0.0007416568957689683
assume,0.0007416568957689683
tend,0.0007416568957689683
focus,0.0007416568957689683
ruins,0.0007416568957689683
chance,0.0007416568957689683
Especially,0.0007416568957689683
socially,0.0007416568957689683
maladjusted,0.0007416568957689683
explain,0.0007416568957689683
distress,0.0007416568957689683
causes,0.0007416568957689683
older,0.0007416568957689683
mins,0.0007416568957689683
charcoal,0.0007416568957689683
concern,0.0007416568957689683
shame,0.0007416568957689683
stangnant,0.0007416568957689683
dissatisfied,0.0007416568957689683
individual,0.0007416568957689683
isolation,0.0007416568957689683
inherently,0.0007416568957689683
atrocious,0.0007416568957689683
acts,0.0007416568957689683
discernable,0.0007416568957689683
earful,0.0007416568957689683
Three,0.0007416568957689683
swooped,0.0007416568957689683
verge,0.0007416568957689683
demolish,0.0007416568957689683
empathy,0.0007416568957689683
sociopaths,0.0007416568957689683
sociopath,0.0007416568957689683
beginning,0.0007416568957689683
period,0.0007416568957689683
qualified,0.0007416568957689683
provide,0.0007416568957689683
possibly,0.0007416568957689683
delusional,0.0007416568957689683
curse,0.0007416568957689683
These,0.0007416568957689683
nonexistent,0.0007416568957689683
gym,0.0007416568957689683
7x,0.0007416568957689683
pray,0.0007416568957689683
absolute,0.0007416568957689683
anyoneThese,0.0007416568957689683
toll,0.0007416568957689683
forest,0.0007416568957689683
unprovoked,0.0007416568957689683
achieved,0.0007416568957689683
Hey,0.0007416568957689683
jumped,0.0007416568957689683
blast,0.0007416568957689683
Anybody,0.0007416568957689683
healing,0.0007416568957689683
attachment,0.0007416568957689683
favorite,0.0007416568957689683
depend,0.0007416568957689683
Personally,0.0007416568957689683
passes,0.0007416568957689683
boys,0.0007416568957689683
judgement,0.0007416568957689683
flower,0.0007416568957689683
insults,0.0007416568957689683
hurled,0.0007416568957689683
1000,0.0007416568957689683
Anything,0.0007416568957689683
excuse,0.0007416568957689683
gruesome,0.0007416568957689683
discourages,0.0007416568957689683
gruesomeness,0.0007416568957689683
fronts,0.0007416568957689683
surprisingly,0.0007416568957689683
Unfortunately,0.0007416568957689683
embarrassed,0.0007416568957689683
gross,0.0007416568957689683
deteriorating,0.0007416568957689683
mirror,0.0007416568957689683
25m,0.0007416568957689683
october,0.0007416568957689683
ends,0.0007416568957689683
Ngl,0.0007416568957689683
introvert,0.0007416568957689683
virginity,0.0007416568957689683
gorgeous,0.0007416568957689683
commiting,0.0007416568957689683
evident,0.0007416568957689683
repulsive,0.0007416568957689683
certainly,0.0007416568957689683
dare,0.0007416568957689683
threaten,0.0007416568957689683
fixes,0.0007416568957689683
etc,0.0007416568957689683
16,0.0007416568957689683
grabs,0.0007416568957689683
wrists,0.0007416568957689683
Umm,0.0007416568957689683
privacy,0.0007416568957689683
layed,0.0007416568957689683
shouts,0.0007416568957689683
orgasmic,0.0007416568957689683
cure,0.0007416568957689683
awesome,0.0007416568957689683
gift,0.0007416568957689683
urge,0.0007416568957689683
Go,0.0007416568957689683
anew,0.0007416568957689683
Helping,0.0007416568957689683
jokes,0.0007416568957689683
sarcastic,0.0007416568957689683
candid,0.0007416568957689683
Often,0.0007416568957689683
flippant,0.0007416568957689683
joke,0.0007416568957689683
songs,0.0007416568957689683
reinforcing,0.0007416568957689683
esteem,0.0007416568957689683
shut,0.0007416568957689683
stifling,0.0007416568957689683
ways,0.0007416568957689683
validated,0.0007416568957689683
criticism,0.0007416568957689683
faked,0.0007416568957689683
overdosing,0.0007416568957689683
kidding,0.0007416568957689683
normally,0.0007416568957689683
grandpa,0.0007416568957689683
daughter,0.0007416568957689683
confused,0.0007416568957689683
unblocked,0.0007416568957689683
upsetWill,0.0007416568957689683
God,0.0007416568957689683
deprive,0.0007416568957689683
sort,0.0007416568957689683
genuine,0.0007416568957689683
connection,0.0007416568957689683
opportunity,0.0007416568957689683
mentioned,0.0007416568957689683
previous,0.0007416568957689683
gal,0.0007416568957689683
enraging,0.0007416568957689683
tantrums,0.0007416568957689683
advantage,0.0007416568957689683
witness,0.0007416568957689683
Police,0.0007416568957689683
safety,0.0007416568957689683
disconnected,0.0007416568957689683
Freaking,0.0007416568957689683
sounded,0.0007416568957689683
knock,0.0007416568957689683
Turns,0.0007416568957689683
seeable,0.0007416568957689683
former,0.0007416568957689683
addresses,0.0007416568957689683
families,0.0007416568957689683
bestfriends,0.0007416568957689683
freaked,0.0007416568957689683
smothering,0.0007416568957689683
everywhere,0.0007416568957689683
doubled,0.0007416568957689683
thanks,0.0007416568957689683
publicizing,0.0007416568957689683
Being,0.0007416568957689683
Psychiatrist,0.0007416568957689683
bowel,0.0007416568957689683
obstructions,0.0007416568957689683
hernias,0.0007416568957689683
excruciating,0.0007416568957689683
endured,0.0007416568957689683
four,0.0007416568957689683
surgery,0.0007416568957689683
gallbladder,0.0007416568957689683
rupturing,0.0007416568957689683
begged,0.0007416568957689683
shoots,0.0007416568957689683
pains,0.0007416568957689683
subject,0.0007416568957689683
liked,0.0007416568957689683
psychiatrists,0.0007416568957689683
insurance,0.0007416568957689683
prescription,0.0007416568957689683
Prazosin,0.0007416568957689683
Short,0.0007416568957689683
offer,0.0007416568957689683
suggestions,0.0007416568957689683
shell,0.0007416568957689683
guilt,0.0007416568957689683
51,0.0007416568957689683
50,0.0007416568957689683
burned,0.0007416568957689683
nursing,0.0007416568957689683
lazy,0.0007416568957689683
unmotivated,0.0007416568957689683
classmates,0.0007416568957689683
healthcare,0.0007416568957689683
unfathomable,0.0007416568957689683
fail,0.0007416568957689683
May,0.0007416568957689683
wellbutrin,0.0007416568957689683
scamAfraid,0.0007416568957689683
Afraid,0.0007416568957689683
24,0.0007416568957689683
disappears,0.0007416568957689683
reddit,0.0007416568957689683
earpro,0.0007416568957689683
differently,0.0007416568957689683
ck,0.0007416568957689683
Planning,0.0007416568957689683
Constantly,0.0007416568957689683
empowered,0.0007416568957689683
fended,0.0007416568957689683
medicine,0.0007416568957689683
worked,0.0007416568957689683
disappointment,0.0007416568957689683
Quarantine,0.0007416568957689683
tremendously,0.0007416568957689683
recent,0.0007416568957689683
dumped,0.0007416568957689683
heal,0.0007416568957689683
effects,0.0007416568957689683
uncaring,0.0007416568957689683
Experiences,0.0007416568957689683
haunt,0.0007416568957689683
34,0.0007416568957689683
sought,0.0007416568957689683
fullest,0.0007416568957689683
haunted,0.0007416568957689683
certain,0.0007416568957689683
particular,0.0007416568957689683
excursion,0.0007416568957689683
grade,0.0007416568957689683
paired,0.0007416568957689683
activity,0.0007416568957689683
Another,0.0007416568957689683
kissing,0.0007416568957689683
declared,0.0007416568957689683
partake,0.0007416568957689683
way.27,0.0007416568957689683
Sundays,0.0007416568957689683
busy,0.0007416568957689683
Sunday,0.0007416568957689683
shows,0.0007416568957689683
male,0.0007416568957689683
Tomorrow,0.0007416568957689683
AF,0.0007416568957689683
masterbating,0.0007416568957689683
fair,0.0007416568957689683
betrayed,0.0007416568957689683
common,0.0007416568957689683
denominator,0.0007416568957689683
meI,0.0007416568957689683
Saturday,0.0007416568957689683
Before,0.0007416568957689683
inherited,0.0007416568957689683
personality,0.0007416568957689683
running,0.0007416568957689683
myselfI,0.0007416568957689683
diagnose,0.0007416568957689683
intended,0.0007416568957689683
teen,0.0007416568957689683
reset,0.0007416568957689683
homicidal,0.0007416568957689683
context,0.0007416568957689683
Got,0.0007416568957689683
dissociative,0.0007416568957689683
Identity,0.0007416568957689683
Disorder,0.0007416568957689683
shaking,0.0007416568957689683
smiling,0.0007416568957689683
laughs,0.0007416568957689683
blades,0.0007416568957689683
scissors,0.0007416568957689683
knives,0.0007416568957689683
torturing,0.0007416568957689683
peoples,0.0007416568957689683
asks,0.0007416568957689683
automatic,0.0007416568957689683
answer,0.0007416568957689683
nope,0.0007416568957689683
passive,0.0007416568957689683
Would,0.0007416568957689683
bipolar,0.0007416568957689683
existed,0.0007416568957689683
Idc,0.0007416568957689683
recover,0.0007416568957689683
muchHypervigilance,0.0007416568957689683
scares,0.0007416568957689683
thermostat,0.0007416568957689683
ran,0.0007416568957689683
kitchen,0.0007416568957689683
grabbed,0.0007416568957689683
biggest,0.0007416568957689683
closets,0.0007416568957689683
OCD,0.0007416568957689683
obsessions,0.0007416568957689683
carry,0.0007416568957689683
clearing,0.0007416568957689683
hand,0.0007416568957689683
doors,0.0007416568957689683
lights,0.0007416568957689683
adrenaline,0.0007416568957689683
worn,0.0007416568957689683
Giving,0.0007416568957689683
faliure,0.0007416568957689683
worthlessI,0.0007416568957689683
stared,0.0007416568957689683
antidepressant,0.0007416568957689683
coworker,0.0007416568957689683
excitedly,0.0007416568957689683
seemed,0.0007416568957689683
uphill,0.0007416568957689683
battles,0.0007416568957689683
picnic,0.0007416568957689683
grass,0.0007416568957689683
gently,0.0007416568957689683
recieved,0.0007416568957689683
quality,0.0007416568957689683
bitch,0.0007416568957689683
coping,0.0007416568957689683
gender,0.0007416568957689683
letsworktogetherI,0.0007416568957689683
comforting,0.0007416568957689683
reminds,0.0007416568957689683
upside,0.0007416568957689683
atleast,0.0007416568957689683
practically,0.0007416568957689683
shattered,0.0007416568957689683
opposite,0.0007416568957689683
21,0.0007416568957689683
bridge,0.0007416568957689683
burrito,0.0007416568957689683
bought,0.0007416568957689683
outside,0.0007416568957689683
Bye,0.0007416568957689683
Told,0.0007416568957689683
earlier,0.0007416568957689683
accused,0.0007416568957689683
nail,0.0007416568957689683
coffin,0.0007416568957689683
clearly,0.0007416568957689683
serious,0.0007416568957689683
godforsaken,0.0007416568957689683
Update,0.0007416568957689683
teaser,0.0007416568957689683
trauma,0.0007416568957689683
14,0.0007416568957689683
shared,0.0007416568957689683
reactions,0.0007416568957689683
anymoreThe,0.0007416568957689683
continues,0.0007416568957689683
8hours,0.0007416568957689683
rotting,0.0007416568957689683
ceiling,0.0007416568957689683
contemplating,0.0007416568957689683
rn,0.0007416568957689683
Dead,0.0007416568957689683
Body,0.0007416568957689683
Fianc,0.0007416568957689683
Brother,0.0007416568957689683
rigor,0.0007416568957689683
mortis,0.0007416568957689683
lifeless,0.0007416568957689683
instructed,0.0007416568957689683
CPR,0.0007416568957689683
remove,0.0007416568957689683
stiff,0.0007416568957689683
carotid,0.0007416568957689683
pulse,0.0007416568957689683
lower,0.0007416568957689683
floor,0.0007416568957689683
bigger,0.0007416568957689683
fell,0.0007416568957689683
belly,0.0007416568957689683
associated,0.0007416568957689683
appointment,0.0007416568957689683
share,0.0007416568957689683
.-,0.0007416568957689683
isnt,0.0007416568957689683
aimed,0.0007416568957689683
rhe,0.0007416568957689683
comllerely,0.0007416568957689683
nowEveryday,0.0007416568957689683
backI,0.0007416568957689683
whose,0.0007416568957689683
numbered,0.0007416568957689683
flooding,0.0007416568957689683
sink,0.0007416568957689683
calm,0.0007416568957689683
soothing,0.0007416568957689683
quiets,0.0007416568957689683
severely,0.0007416568957689683
son,0.0007416568957689683
beat,0.0007416568957689683
First,0.0007416568957689683
preferred,0.0007416568957689683
autism,0.0007416568957689683
functional,0.0007416568957689683
smearing,0.0007416568957689683
piss,0.0007416568957689683
holes,0.0007416568957689683
nonverbal,0.0007416568957689683
destructive,0.0007416568957689683
incompatible,0.0007416568957689683
semblance,0.0007416568957689683
adult,0.0007416568957689683
bulk,0.0007416568957689683
wishing,0.0007416568957689683
Thursday,0.0007416568957689683
bloody,0.0007416568957689683
finish,0.0007416568957689683
Catch,0.0007416568957689683
Remember,0.0007416568957689683
article,0.0007416568957689683
Sidebar,0.0007416568957689683
48,0.0007416568957689683
stabilization,0.0007416568957689683
searched,0.0007416568957689683
surrounding,0.0007416568957689683
states,0.0007416568957689683
declined,0.0007416568957689683
Parents,0.0007416568957689683
illness,0.0007416568957689683
slightly,0.0007416568957689683
intolerable,0.0007416568957689683
mishap,0.0007416568957689683
inconveniences,0.0007416568957689683
WANTING,0.0007416568957689683
KILL,0.0007416568957689683
MYSELF,0.0007416568957689683
Living,0.0007416568957689683
weak,0.0007416568957689683
prettier,0.0007416568957689683
worthy,0.0007416568957689683
claim,0.0007416568957689683
mostly,0.0007416568957689683
watch,0.0007416568957689683
staring,0.0007416568957689683
afternoon,0.0007416568957689683
productive,0.0007416568957689683
Long,0.0007416568957689683
obsessively,0.0007416568957689683
suffocating,0.0007416568957689683
Sleeping,0.0007416568957689683
fumble,0.0007416568957689683
BARELY,0.0007416568957689683
awake,0.0007416568957689683
antidepressants,0.0007416568957689683
TIRED,0.0007416568957689683
brown,0.0007416568957689683
shrugged,0.0007416568957689683
shoulders,0.0007416568957689683
welp,0.0007416568957689683
dye,0.0007416568957689683
occurs,0.0007416568957689683
fixed,0.0007416568957689683
sits,0.0007416568957689683
mopey,0.0007416568957689683
playing,0.0007416568957689683
info,0.0007416568957689683
dumping,0.0007416568957689683
creatures,0.0007416568957689683
evaporate,0.0007416568957689683
agony,0.0007416568957689683
saved,0.0007416568957689683
uncertain,0.0007416568957689683
subtle,0.0007416568957689683
hellhole,0.0007416568957689683
unpleasant,0.0007416568957689683
surprises,0.0007416568957689683
breakfast,0.0007416568957689683
decently,0.0007416568957689683
dinner,0.0007416568957689683
methods,0.0007416568957689683
react,0.0007416568957689683
setting,0.0007416568957689683
dates,0.0007416568957689683
letter,0.0007416568957689683
alien,0.0007416568957689683
09,0.0007416568957689683
psychologist,0.0007416568957689683
comments,0.0007416568957689683
hits,0.0007416568957689683
murderer,0.0007416568957689683
kills,0.0007416568957689683
whatsoever,0.0007416568957689683
embarrassing,0.0007416568957689683
fuckin,0.0007416568957689683
races,0.0007416568957689683
cuts,0.0007416568957689683
although,0.0007416568957689683
telling,0.0007416568957689683
videos,0.0007416568957689683
Waste,0.0007416568957689683
grandparents,0.0007416568957689683
lonliness,0.0007416568957689683
Probably,0.0007416568957689683
impressive,0.0007416568957689683
unintelligent,0.0007416568957689683
urgently,0.0007416568957689683
stayed,0.0007416568957689683
aunties,0.0007416568957689683
pick,0.0007416568957689683
helpMy,0.0007416568957689683
non,0.0007416568957689683
slip,0.0007416568957689683
apathy,0.0007416568957689683
destroy,0.0007416568957689683
summer,0.0007416568957689683
Ava,0.0007416568957689683
smell,0.0007416568957689683
decomposing,0.0007416568957689683
distributing,0.0007416568957689683
co,0.0007416568957689683
workers,0.0007416568957689683
surprised,0.0007416568957689683
wear,0.0007416568957689683
mask,0.0007416568957689683
insane,0.0007416568957689683
battle,0.0007416568957689683
soothe,0.0007416568957689683
majority,0.0007416568957689683
insist,0.0007416568957689683
expecting,0.0007416568957689683
Its,0.0007416568957689683
Years,0.0007416568957689683
restIt,0.0007416568957689683
dosing,0.0007416568957689683
ibuprofen,0.0007416568957689683
six,0.0007416568957689683
incase,0.0007416568957689683
chickened,0.0007416568957689683
60,0.0007416568957689683
counseling,0.0007416568957689683
scare,0.0007416568957689683
letting,0.0007416568957689683
itI,0.0007416568957689683
exiling,0.0007416568957689683
humanityMy,0.0007416568957689683
pressures,0.0007416568957689683
posted,0.0007416568957689683
aunts,0.0007416568957689683
abuser,0.0007416568957689683
pressuring,0.0007416568957689683
sue,0.0007416568957689683
voice,0.0007416568957689683
Make,0.0007416568957689683
served,0.0007416568957689683
NPC,0.0007416568957689683
motions,0.0007416568957689683
Worst,0.0007416568957689683
military,0.0007416568957689683
affirmation,0.0007416568957689683
TLDR,0.0007416568957689683
unimportant,0.0007416568957689683
Debt,0.0007416568957689683
card,0.0007416568957689683
Swore,0.0007416568957689683
cover,0.0007416568957689683
costs,0.0007416568957689683
needless,0.0007416568957689683
cheap,0.0007416568957689683
10k,0.0007416568957689683
debt,0.0007416568957689683
ti,0.0007416568957689683
image,0.0007416568957689683
popping,0.0007416568957689683
intrusive,0.0007416568957689683
exit,0.0007416568957689683
pussy,0.0007416568957689683
ease,0.0007416568957689683
portray,0.0007416568957689683
honesty,0.0007416568957689683
follow,0.0007416568957689683
tempted,0.0007416568957689683
firearm,0.0007416568957689683
greatest,0.0007416568957689683
sobbing,0.0007416568957689683
disappearing,0.0007416568957689683
remembered,0.0007416568957689683
understanding,0.0007416568957689683
paradoxical,0.0007416568957689683
pull,0.0007416568957689683
lowly,0.0007416568957689683
ensure,0.0007416568957689683
Valentine,0.0007416568957689683
Day,0.0007416568957689683
reservation,0.0007416568957689683
hinted,0.0007416568957689683
cook,0.0007416568957689683
cooking,0.0007416568957689683
bet,0.0007416568957689683
expectancy,0.0007416568957689683
tunnel,0.0007416568957689683
garbage,0.0007416568957689683
accountable,0.0007416568957689683
teach,0.0007416568957689683
responsible,0.0007416568957689683
contribute,0.0007416568957689683
profanity,0.0007416568957689683
belligerence,0.0007416568957689683
softy,0.0007416568957689683
harsh,0.0007416568957689683
trashed,0.0007416568957689683
soft,0.0007416568957689683
spoken,0.0007416568957689683
expect,0.0007416568957689683
basic,0.0007416568957689683
chores,0.0007416568957689683
Bruh,0.0007416568957689683
motto,0.0007416568957689683
math,0.0007416568957689683
test,0.0007416568957689683
unfixable,0.0007416568957689683
plague,0.0007416568957689683
challenge,0.0007416568957689683
undeniably,0.0007416568957689683
Yes,0.0007416568957689683
yes,0.0007416568957689683
Such,0.0007416568957689683
goddamn,0.0007416568957689683
phrase,0.0007416568957689683
sh,0.0007416568957689683
ts,0.0007416568957689683
spouse,0.0007416568957689683
bull,0.0007416568957689683
offered,0.0007416568957689683
kindness,0.0007416568957689683
responded,0.0007416568957689683
crash,0.0007416568957689683
brutally,0.0007416568957689683
wears,0.0007416568957689683
heavily,0.0007416568957689683
ounce,0.0007416568957689683
double,0.0007416568957689683
amount,0.0007416568957689683
officially,0.0007416568957689683
Sad,0.0007416568957689683
throwaway,0.0007416568957689683
account,0.0007416568957689683
asking,0.0007416568957689683
bullying,0.0007416568957689683
rumors,0.0007416568957689683
management,0.0007416568957689683
ignores,0.0007416568957689683
students,0.0007416568957689683
subtly,0.0007416568957689683
conversational,0.0007416568957689683
skills,0.0007416568957689683
regular,0.0007416568957689683
basis,0.0007416568957689683
closure,0.0007416568957689683
introduced,0.0007416568957689683
events,0.0007416568957689683
ignoring,0.0007416568957689683
flocks,0.0007416568957689683
noticed,0.0007416568957689683
upbeat,0.0007416568957689683
company,0.0007416568957689683
feign,0.0007416568957689683
drown,0.0007416568957689683
2018,0.0007416568957689683
kinds,0.0007416568957689683
especially,0.0007416568957689683
barbiturates,0.0007416568957689683
therapeutic,0.0007416568957689683
resisted,0.0007416568957689683
Anemia,0.0007416568957689683
schizophrenia,0.0007416568957689683
deadly,0.0007416568957689683
loneliness,0.0007416568957689683
alcohol,0.0007416568957689683
horny,0.0007416568957689683
gaming,0.0007416568957689683
grown,0.0007416568957689683
Imagine,0.0007416568957689683
jokeI,0.0007416568957689683
unconditionally,0.0007416568957689683
36,0.0007416568957689683
2016,0.0007416568957689683
matched,0.0007416568957689683
October,0.0007416568957689683
2019,0.0007416568957689683
truck,0.0007416568957689683
harder,0.0007416568957689683
darkness,0.0007416568957689683
Partner,0.0007416568957689683
popular,0.0007416568957689683
sticks,0.0007416568957689683
notice,0.0007416568957689683
rushed,0.0007416568957689683
concerned,0.0007416568957689683
pretending,0.0007416568957689683
dudes,0.0007416568957689683
xoxo,0.0007416568957689683
handsome,0.0007416568957689683
Job,0.0007416568957689683
amaze,0.0007416568957689683
possibleThe,0.0007416568957689683
Ive,0.0007416568957689683
knows,0.0007416568957689683
admitted,0.0007416568957689683
blows,0.0007416568957689683
stripper,0.0007416568957689683
divorced,0.0007416568957689683
belittles,0.0007416568957689683
arguments,0.0007416568957689683
throwing,0.0007416568957689683
purposely,0.0007416568957689683
punish,0.0007416568957689683
unrelenting,0.0007416568957689683
140,0.0007416568957689683
160,0.0007416568957689683
super,0.0007416568957689683
athletic,0.0007416568957689683
obviously,0.0007416568957689683
starving,0.0007416568957689683
225,0.0007416568957689683
headaches,0.0007416568957689683
nauseous,0.0007416568957689683
Self,0.0007416568957689683
sabotaging,0.0007416568957689683
goals,0.0007416568957689683
ambitions,0.0007416568957689683
bursts,0.0007416568957689683
brief,0.0007416568957689683
acknowledging,0.0007416568957689683
members,0.0007416568957689683
outlived,0.0007416568957689683
usefulness,0.0007416568957689683
Again,0.0007416568957689683
fantastic,0.0007416568957689683
screaming,0.0007416568957689683
aggressive,0.0007416568957689683
screamed,0.0007416568957689683
yell,0.0007416568957689683
raised,0.0007416568957689683
Mind,0.0007416568957689683
terrified,0.0007416568957689683
backed,0.0007416568957689683
blanket,0.0007416568957689683
champion,0.0007416568957689683
funerals,0.0007416568957689683
Damn,0.0007416568957689683
Wonder,0.0007416568957689683
bike,0.0007416568957689683
wtfi,0.0007416568957689683
prob,0.0007416568957689683
lowest,0.0007416568957689683
ppl,0.0007416568957689683
rly,0.0007416568957689683
Whenever,0.0007416568957689683
ourself,0.0007416568957689683
immediatelly,0.0007416568957689683
opinion,0.0007416568957689683
Your,0.0007416568957689683
demand,0.0007416568957689683
otherwise,0.0007416568957689683
chore,0.0007416568957689683
service,0.0007416568957689683
meat,0.0007416568957689683
prison,0.0007416568957689683
whenewer,0.0007416568957689683
utterly,0.0007416568957689683
companion,0.0007416568957689683
respite,0.0007416568957689683
slit,0.0007416568957689683
throat,0.0007416568957689683
lie,0.0007416568957689683
dumbbell,0.0007416568957689683
med,0.0007416568957689683
therapists,0.0007416568957689683
alternative,0.0007416568957689683
laughable,0.0007416568957689683
strike,0.0007416568957689683
rich,0.0007416568957689683
large,0.0007416568957689683
cases,0.0007416568957689683
ahead,0.0007416568957689683
dog,0.0007416568957689683
stick,0.0007416568957689683
impacted,0.0007416568957689683
replaceable,0.0007416568957689683
edit,0.0007416568957689683
uplifting,0.0007416568957689683
3I,0.0007416568957689683
WANNA,0.0007416568957689683
SLIT,0.0007416568957689683
THROAT,0.0007416568957689683
COULD,0.0007416568957689683
CUT,0.0007416568957689683
WRISTS,0.0007416568957689683
ALIVE,0.0007416568957689683
TRAPPED,0.0007416568957689683
OUR,0.0007416568957689683
BODIES,0.0007416568957689683
FINALLY,0.0007416568957689683
DIE,0.0007416568957689683
LET,0.0007416568957689683
OUT,0.0007416568957689683
SHIT,0.0007416568957689683
WORLD,0.0007416568957689683
WAS,0.0007416568957689683
ABORTED,0.0007416568957689683
HARD,0.0007416568957689683
PAINFUL,0.0007416568957689683
YET,0.0007416568957689683
WANTS,0.0007416568957689683
LIVE,0.0007416568957689683
AAAAAAAHHHHHHHHHHHHHHHHHHHHHHHHHHi,0.0007416568957689683
brothers,0.0007416568957689683
showing,0.0007416568957689683
uncomfortable,0.0007416568957689683
young,0.0007416568957689683
caught,0.0007416568957689683
vulnerable,0.0007416568957689683
bottled,0.0007416568957689683
mistake,0.0007416568957689683
annoyed,0.0007416568957689683
affected,0.0007416568957689683
acted,0.0007416568957689683
aside,0.0007416568957689683
neighbor,0.0007416568957689683
closet,0.0007416568957689683
juts,0.0007416568957689683
revive,0.0007416568957689683
carted,0.0007416568957689683
sheet,0.0007416568957689683
hi,0.0007416568957689683
passed,0.0007416568957689683
traumatized,0.0007416568957689683
overreacting,0.0007416568957689683
corner,0.0007416568957689683
glove,0.0007416568957689683
hallway,0.0007416568957689683
neighbors,0.0007416568957689683
hall,0.0007416568957689683
bloodcurdling,0.0007416568957689683
burnt,0.0007416568957689683
meaningful,0.0007416568957689683
drama,0.0007416568957689683
load,0.0007416568957689683
laundry,0.0007416568957689683
23,0.0007416568957689683
38,0.0007416568957689683
tent,0.0007416568957689683
desert,0.0007416568957689683
group,0.0007416568957689683
Where,0.0007416568957689683
attacked,0.0007416568957689683
roommate,0.0007416568957689683
weapons,0.0007416568957689683
threatening,0.0007416568957689683
Improve,0.0007416568957689683
Talked,0.0007416568957689683
Worked,0.0007416568957689683
glorious,0.0007416568957689683
phsyical,0.0007416568957689683
negated,0.0007416568957689683
tasting,0.0007416568957689683
sweetness,0.0007416568957689683
tasted,0.0007416568957689683
grainy,0.0007416568957689683
nourished,0.0007416568957689683
taste,0.0007416568957689683
GUILT,0.0007416568957689683
Isn,0.0007416568957689683
guilting,0.0007416568957689683
somehow,0.0007416568957689683
Either,0.0007416568957689683
responsibility,0.0007416568957689683
Despite,0.0007416568957689683
changes,0.0007416568957689683
steady,0.0007416568957689683
pits,0.0007416568957689683
accomplishment,0.0007416568957689683
grows,0.0007416568957689683
community,0.0007416568957689683
vast,0.0007416568957689683
confusing,0.0007416568957689683
toughest,0.0007416568957689683
recieve,0.0007416568957689683
award,0.0007416568957689683
sent,0.0007416568957689683
finishing,0.0007416568957689683
wave,0.0007416568957689683
Oh,0.0007416568957689683
undug,0.0007416568957689683
grave,0.0007416568957689683
Through,0.0007416568957689683
eager,0.0007416568957689683
