like,0.15204382036453976
feel,0.140447257794363
fuck,0.10050354227486527
want,0.09534951446589782
life,0.09277250056141409
know,0.07344489627778616
get,0.06571385456433498
really,0.05798281285088381
kill,0.05798281285088381
My,0.05411729199415822
anything,0.05282878504191636
people,0.0515402780896745
even,0.046386250280707045
day,0.046386250280707045
time,0.046386250280707045
anymore,0.04509774332846519
never,0.043809236376223325
much,0.039943715519497734
things,0.039943715519497734
think,0.03736670161501401
hate,0.03736670161501401
nothing,0.03736670161501401
go,0.03607819466277215
else,0.03478968771053029
fucking,0.03221267380604656
make,0.03221267380604656
brain,0.03221267380604656
family,0.03221267380604656
going,0.030924166853804697
years,0.030924166853804697
feeling,0.029635659901562836
anyone,0.029635659901562836
talk,0.028347152949320973
die,0.028347152949320973
back,0.02705864599707911
energy,0.02705864599707911
person,0.02705864599707911
depression,0.02705864599707911
better,0.02577013904483725
good,0.02577013904483725
would,0.02577013904483725
friends,0.02577013904483725
someone,0.02577013904483725
something,0.024481632092595386
stop,0.024481632092595386
wanna,0.023193125140353522
work,0.023193125140353522
tired,0.023193125140353522
way,0.023193125140353522
made,0.023193125140353522
wish,0.023193125140353522
feels,0.021904618188111662
always,0.021904618188111662
every,0.021904618188111662
friend,0.021904618188111662
shit,0.021904618188111662
months,0.021904618188111662
keep,0.0206161112358698
without,0.0206161112358698
could,0.0206161112358698
happy,0.0206161112358698
still,0.0206161112358698
help,0.0206161112358698
sometimes,0.0206161112358698
since,0.0206161112358698
care,0.0206161112358698
alone,0.019327604283627935
done,0.019327604283627935
worse,0.019327604283627935
everyone,0.019327604283627935
live,0.019327604283627935
need,0.019327604283627935
right,0.018039097331386075
end,0.018039097331386075
got,0.018039097331386075
see,0.018039097331386075
days,0.018039097331386075
But,0.018039097331386075
tell,0.016750590379144212
bad,0.016750590379144212
everything,0.016750590379144212
take,0.016750590379144212
Like,0.016750590379144212
finally,0.016750590379144212
say,0.016750590379144212
..,0.016750590379144212
said,0.016750590379144212
love,0.016750590379144212
makes,0.016750590379144212
miss,0.016750590379144212
thing,0.015462083426902348
sleep,0.015462083426902348
There,0.015462083426902348
away,0.015462083426902348
world,0.015462083426902348
thoughts,0.015462083426902348
point,0.015462083426902348
mental,0.015462083426902348
How,0.015462083426902348
ever,0.015462083426902348
ago,0.015462083426902348
past,0.015462083426902348
felt,0.015462083426902348
hard,0.015462083426902348
also,0.015462083426902348
left,0.014173576474660486
getting,0.014173576474660486
enough,0.014173576474660486
home,0.014173576474660486
wanted,0.014173576474660486
self,0.014173576474660486
Just,0.014173576474660486
When,0.014173576474660486
real,0.014173576474660486
mind,0.014173576474660486
depressed,0.014173576474660486
enjoy,0.012885069522418625
head,0.012885069522418625
pain,0.012885069522418625
remember,0.012885069522418625
job,0.012885069522418625
many,0.012885069522418625
try,0.012885069522418625
normal,0.012885069522418625
little,0.012885069522418625
sick,0.012885069522418625
literally,0.012885069522418625
reason,0.012885069522418625
They,0.012885069522418625
told,0.012885069522418625
trauma,0.012885069522418625
today,0.011596562570176761
started,0.011596562570176761
thought,0.011596562570176761
What,0.011596562570176761
understand,0.011596562570176761
mom,0.011596562570176761
probably,0.011596562570176761
says,0.011596562570176761
living,0.011596562570176761
actually,0.011596562570176761
long,0.011596562570176761
forget,0.0103080556179349
sad,0.0103080556179349
lost,0.0103080556179349
able,0.0103080556179349
start,0.0103080556179349
No,0.0103080556179349
find,0.0103080556179349
suicidal,0.0103080556179349
lot,0.0103080556179349
give,0.0103080556179349
anxiety,0.0103080556179349
mother,0.0103080556179349
last,0.0103080556179349
gets,0.0103080556179349
dont,0.0103080556179349
hell,0.0103080556179349
around,0.0103080556179349
used,0.0103080556179349
completely,0.0103080556179349
another,0.0103080556179349
bed,0.0103080556179349
post,0.0103080556179349
might,0.0103080556179349
fact,0.009019548665693038
scared,0.009019548665693038
quiet,0.009019548665693038
almost,0.009019548665693038
tried,0.009019548665693038
numb,0.009019548665693038
matter,0.009019548665693038
times,0.009019548665693038
hope,0.009019548665693038
guy,0.009019548665693038
He,0.009019548665693038
put,0.009019548665693038
body,0.009019548665693038
feelings,0.009019548665693038
came,0.009019548665693038
first,0.009019548665693038
dead,0.009019548665693038
trying,0.009019548665693038
barely,0.009019548665693038
focus,0.009019548665693038
Now,0.009019548665693038
instead,0.009019548665693038
So,0.009019548665693038
ADHD,0.009019548665693038
Please,0.007731041713451174
thinking,0.007731041713451174
human,0.007731041713451174
school,0.007731041713451174
suicide,0.007731041713451174
different,0.007731041713451174
let,0.007731041713451174
Idk,0.007731041713451174
messed,0.007731041713451174
words,0.007731041713451174
look,0.007731041713451174
cry,0.007731041713451174
gone,0.007731041713451174
hurt,0.007731041713451174
death,0.007731041713451174
Does,0.007731041713451174
stay,0.007731041713451174
alive,0.007731041713451174
happening,0.007731041713451174
Anyone,0.007731041713451174
soon,0.007731041713451174
cant,0.007731041713451174
mentally,0.007731041713451174
move,0.007731041713451174
Tired,0.007731041713451174
wake,0.007731041713451174
exist,0.007731041713451174
hour,0.007731041713451174
cause,0.007731041713451174
loved,0.007731041713451174
parents,0.007731041713451174
harm,0.007731041713451174
memory,0.007731041713451174
fight,0.007731041713451174
medication,0.007731041713451174
eat,0.007731041713451174
open,0.007731041713451174
15,0.007731041713451174
lonely,0.006442534761209312
relationship,0.006442534761209312
horrible,0.006442534761209312
already,0.006442534761209312
cannot,0.006442534761209312
Everyone,0.006442534761209312
girl,0.006442534761209312
everyday,0.006442534761209312
happened,0.006442534761209312
boyfriend,0.006442534761209312
caused,0.006442534761209312
maybe,0.006442534761209312
Every,0.006442534761209312
mirror,0.006442534761209312
old,0.006442534761209312
awful,0.006442534761209312
best,0.006442534761209312
week,0.006442534761209312
though,0.006442534761209312
spent,0.006442534761209312
idk,0.006442534761209312
starting,0.006442534761209312
social,0.006442534761209312
shower,0.006442534761209312
confused,0.006442534761209312
problems,0.006442534761209312
Why,0.006442534761209312
im,0.006442534761209312
knew,0.006442534761209312
&#,0.006442534761209312
x200B,0.006442534761209312
mood,0.006442534761209312
therapy,0.006442534761209312
moment,0.006442534761209312
become,0.006442534761209312
yet,0.006442534761209312
took,0.006442534761209312
mean,0.006442534761209312
okay,0.006442534761209312
heart,0.006442534761209312
Im,0.006442534761209312
believe,0.006442534761209312
room,0.006442534761209312
forgotten,0.006442534761209312
becoming,0.006442534761209312
sure,0.006442534761209312
exhausted,0.006442534761209312
place,0.006442534761209312
taking,0.006442534761209312
bring,0.006442534761209312
year,0.006442534761209312
called,0.006442534761209312
play,0.006442534761209312
making,0.00515402780896745
stuff,0.00515402780896745
disappear,0.00515402780896745
simply,0.00515402780896745
rest,0.00515402780896745
personal,0.00515402780896745
stupid,0.00515402780896745
stopped,0.00515402780896745
crying,0.00515402780896745
noticed,0.00515402780896745
acting,0.00515402780896745
issue,0.00515402780896745
Don,0.00515402780896745
control,0.00515402780896745
selfish,0.00515402780896745
deserve,0.00515402780896745
goes,0.00515402780896745
issues,0.00515402780896745
dad,0.00515402780896745
born,0.00515402780896745
loss,0.00515402780896745
abuse,0.00515402780896745
stand,0.00515402780896745
These,0.00515402780896745
30,0.00515402780896745
anywhere,0.00515402780896745
yesterday,0.00515402780896745
sat,0.00515402780896745
wrong,0.00515402780896745
honestly,0.00515402780896745
online,0.00515402780896745
Everything,0.00515402780896745
use,0.00515402780896745
due,0.00515402780896745
manage,0.00515402780896745
well,0.00515402780896745
wife,0.00515402780896745
question,0.00515402780896745
big,0.00515402780896745
conversation,0.00515402780896745
face,0.00515402780896745
talking,0.00515402780896745
saying,0.00515402780896745
cares,0.00515402780896745
God,0.00515402780896745
blank,0.00515402780896745
experience,0.00515402780896745
wants,0.00515402780896745
Fuck,0.00515402780896745
went,0.00515402780896745
less,0.00515402780896745
text,0.00515402780896745
gonna,0.00515402780896745
burnt,0.00515402780896745
Most,0.00515402780896745
fine,0.00515402780896745
kept,0.00515402780896745
comes,0.00515402780896745
please,0.00515402780896745
turn,0.00515402780896745
sit,0.00515402780896745
sort,0.00515402780896745
lately,0.00515402780896745
plan,0.00515402780896745
hurts,0.00515402780896745
reading,0.00515402780896745
abused,0.00515402780896745
nobody,0.00515402780896745
escape,0.00515402780896745
young,0.00515402780896745
coming,0.00515402780896745
Nothing,0.00515402780896745
support,0.00515402780896745
died,0.00515402780896745
antidepressants,0.00515402780896745
three,0.00515402780896745
therapist,0.00515402780896745
doctor,0.00515402780896745
whenever,0.00515402780896745
emotionally,0.00515402780896745
reflection,0.00515402780896745
attention,0.00515402780896745
worth,0.00515402780896745
watch,0.00515402780896745
grandma,0.00515402780896745
coping,0.003865520856725587
insane,0.003865520856725587
toxic,0.003865520856725587
fucked,0.003865520856725587
low,0.003865520856725587
comfort,0.003865520856725587
stuck,0.003865520856725587
phone,0.003865520856725587
high,0.003865520856725587
experiences,0.003865520856725587
ostracized,0.003865520856725587
Everyday,0.003865520856725587
useless,0.003865520856725587
...,0.003865520856725587
idea,0.003865520856725587
nearly,0.003865520856725587
house,0.003865520856725587
hanging,0.003865520856725587
weighed,0.003865520856725587
disgusting,0.003865520856725587
struggling,0.003865520856725587
Really,0.003865520856725587
games,0.003865520856725587
hobbies,0.003865520856725587
process,0.003865520856725587
takes,0.003865520856725587
morning,0.003865520856725587
small,0.003865520856725587
problem,0.003865520856725587
anger,0.003865520856725587
etc,0.003865520856725587
physical,0.003865520856725587
entire,0.003865520856725587
desire,0.003865520856725587
scream,0.003865520856725587
diagnosed,0.003865520856725587
PTSD,0.003865520856725587
hours,0.003865520856725587
son,0.003865520856725587
memories,0.003865520856725587
People,0.003865520856725587
ask,0.003865520856725587
study,0.003865520856725587
FUCKING,0.003865520856725587
crap,0.003865520856725587
chill,0.003865520856725587
kms,0.003865520856725587
suffering,0.003865520856725587
burden,0.003865520856725587
Therapy,0.003865520856725587
Even,0.003865520856725587
movie,0.003865520856725587
socially,0.003865520856725587
group,0.003865520856725587
great,0.003865520856725587
partner,0.003865520856725587
anxious,0.003865520856725587
afraid,0.003865520856725587
looking,0.003865520856725587
Am,0.003865520856725587
title,0.003865520856725587
seems,0.003865520856725587
meaningless,0.003865520856725587
dealing,0.003865520856725587
blow,0.003865520856725587
relationships,0.003865520856725587
workers,0.003865520856725587
husband,0.003865520856725587
man,0.003865520856725587
recently,0.003865520856725587
leaving,0.003865520856725587
huge,0.003865520856725587
deal,0.003865520856725587
rather,0.003865520856725587
seem,0.003865520856725587
listen,0.003865520856725587
call,0.003865520856725587
basically,0.003865520856725587
laugh,0.003865520856725587
suffer,0.003865520856725587
function,0.003865520856725587
share,0.003865520856725587
unable,0.003865520856725587
struggled,0.003865520856725587
worthless,0.003865520856725587
case,0.003865520856725587
interview,0.003865520856725587
next,0.003865520856725587
watching,0.003865520856725587
videos,0.003865520856725587
within,0.003865520856725587
thinks,0.003865520856725587
telling,0.003865520856725587
pretty,0.003865520856725587
motivation,0.003865520856725587
come,0.003865520856725587
dumb,0.003865520856725587
power,0.003865520856725587
taken,0.003865520856725587
sense,0.003865520856725587
currently,0.003865520856725587
pass,0.003865520856725587
helped,0.003865520856725587
cigarettes,0.003865520856725587
14,0.003865520856725587
kids,0.003865520856725587
ive,0.003865520856725587
longer,0.003865520856725587
new,0.003865520856725587
reality,0.003865520856725587
silly,0.003865520856725587
breakdown,0.003865520856725587
either,0.003865520856725587
far,0.003865520856725587
walk,0.003865520856725587
supposed,0.003865520856725587
connect,0.003865520856725587
Hi,0.003865520856725587
affection,0.003865520856725587
space,0.003865520856725587
safe,0.003865520856725587
traumatic,0.003865520856725587
allowed,0.003865520856725587
Depression,0.003865520856725587
advice,0.003865520856725587
brother,0.003865520856725587
16,0.003865520856725587
physically,0.003865520856725587
freak,0.003865520856725587
breathe,0.003865520856725587
subreddit,0.003865520856725587
absolutely,0.003865520856725587
flashbacks,0.003865520856725587
public,0.003865520856725587
thank,0.003865520856725587
Did,0.003865520856725587
shaking,0.003865520856725587
least,0.003865520856725587
undesirable,0.003865520856725587
bigger,0.003865520856725587
creep,0.003865520856725587
TV,0.003865520856725587
cope,0.003865520856725587
changes,0.003865520856725587
venting,0.003865520856725587
scars,0.003865520856725587
Any,0.002577013904483725
suggestions,0.002577013904483725
loneliness,0.002577013904483725
meet,0.002577013904483725
skill,0.002577013904483725
activity,0.002577013904483725
fix,0.002577013904483725
fault,0.002577013904483725
killing,0.002577013904483725
beings,0.002577013904483725
distraction,0.002577013904483725
pure,0.002577013904483725
empty,0.002577013904483725
sleeping,0.002577013904483725
lack,0.002577013904483725
forever,0.002577013904483725
sucks,0.002577013904483725
turned,0.002577013904483725
adult,0.002577013904483725
mindless,0.002577013904483725
reminded,0.002577013904483725
entirely,0.002577013904483725
younger,0.002577013904483725
guts,0.002577013904483725
finished,0.002577013904483725
Because,0.002577013904483725
killed,0.002577013904483725
dizzy,0.002577013904483725
part,0.002577013904483725
whether,0.002577013904483725
wondering,0.002577013904483725
experienced,0.002577013904483725
frequently,0.002577013904483725
obviously,0.002577013904483725
unless,0.002577013904483725
quarantine,0.002577013904483725
gave,0.002577013904483725
half,0.002577013904483725
woke,0.002577013904483725
floating,0.002577013904483725
emotions,0.002577013904483725
sadness,0.002577013904483725
gym,0.002577013904483725
forgot,0.002577013904483725
Edit,0.002577013904483725
trigger,0.002577013904483725
She,0.002577013904483725
explode,0.002577013904483725
realized,0.002577013904483725
brought,0.002577013904483725
light,0.002577013904483725
drowning,0.002577013904483725
habits,0.002577013904483725
hand,0.002577013904483725
hey,0.002577013904483725
evil,0.002577013904483725
Medication,0.002577013904483725
void,0.002577013904483725
playing,0.002577013904483725
watched,0.002577013904483725
causes,0.002577013904483725
close,0.002577013904483725
outside,0.002577013904483725
asshole,0.002577013904483725
shitty,0.002577013904483725
worthy,0.002577013904483725
friendship,0.002577013904483725
Sometimes,0.002577013904483725
befriend,0.002577013904483725
pretends,0.002577013904483725
media,0.002577013904483725
anybody,0.002577013904483725
puke,0.002577013904483725
sorry,0.002577013904483725
After,0.002577013904483725
Whenever,0.002577013904483725
show,0.002577013904483725
interact,0.002577013904483725
two,0.002577013904483725
shows,0.002577013904483725
picture,0.002577013904483725
tells,0.002577013904483725
Your,0.002577013904483725
black,0.002577013904483725
conscious,0.002577013904483725
fire,0.002577013904483725
Japan,0.002577013904483725
pretending,0.002577013904483725
negative,0.002577013904483725
weekend,0.002577013904483725
ready,0.002577013904483725
dreams,0.002577013904483725
accept,0.002577013904483725
food,0.002577013904483725
yeah,0.002577013904483725
change,0.002577013904483725
thru,0.002577013904483725
ignoring,0.002577013904483725
atleast,0.002577013904483725
usually,0.002577013904483725
aloneI,0.002577013904483725
Me,0.002577013904483725
43,0.002577013904483725
store,0.002577013904483725
breaks,0.002577013904483725
personality,0.002577013904483725
cut,0.002577013904483725
weird,0.002577013904483725
Also,0.002577013904483725
religious,0.002577013904483725
freaks,0.002577013904483725
inner,0.002577013904483725
triggered,0.002577013904483725
contact,0.002577013904483725
flooding,0.002577013904483725
whole,0.002577013904483725
irritable,0.002577013904483725
calls,0.002577013904483725
extremely,0.002577013904483725
fog,0.002577013904483725
force,0.002577013904483725
bored,0.002577013904483725
guess,0.002577013904483725
showing,0.002577013904483725
towards,0.002577013904483725
fear,0.002577013904483725
stops,0.002577013904483725
anytime,0.002577013904483725
mindset,0.002577013904483725
continuing,0.002577013904483725
chest,0.002577013904483725
Months,0.002577013904483725
gaslighting,0.002577013904483725
hatred,0.002577013904483725
future,0.002577013904483725
story,0.002577013904483725
wait,0.002577013904483725
random,0.002577013904483725
ones,0.002577013904483725
Only,0.002577013904483725
ideas,0.002577013904483725
Friends,0.002577013904483725
bridges,0.002577013904483725
bite,0.002577013904483725
bullet,0.002577013904483725
miserable,0.002577013904483725
bright,0.002577013904483725
goals,0.002577013904483725
ambition,0.002577013904483725
happens,0.002577013904483725
shittier,0.002577013904483725
19,0.002577013904483725
appreciate,0.002577013904483725
raped,0.002577013904483725
speak,0.002577013904483725
eventually,0.002577013904483725
boring,0.002577013904483725
epilepsy,0.002577013904483725
driving,0.002577013904483725
blur,0.002577013904483725
clearly,0.002577013904483725
moments,0.002577013904483725
emotional,0.002577013904483725
inflicted,0.002577013904483725
realize,0.002577013904483725
diary,0.002577013904483725
....,0.002577013904483725
age,0.002577013904483725
quit,0.002577013904483725
solution,0.002577013904483725
texts,0.002577013904483725
trust,0.002577013904483725
college,0.002577013904483725
Having,0.002577013904483725
coffee,0.002577013904483725
hardly,0.002577013904483725
fighting,0.002577013904483725
heard,0.002577013904483725
frankly,0.002577013904483725
AHHHHHHHHHHHHHHHHHHHHHHHHHHHHHHHHH,0.002577013904483725
Anything,0.002577013904483725
Feels,0.002577013904483725
honest,0.002577013904483725
ending,0.002577013904483725
cycle,0.002577013904483725
smoking,0.002577013904483725
weed,0.002577013904483725
rid,0.002577013904483725
yelled,0.002577013904483725
night,0.002577013904483725
growing,0.002577013904483725
cuddle,0.002577013904483725
lay,0.002577013904483725
strong,0.002577013904483725
smile,0.002577013904483725
struggle,0.002577013904483725
NO,0.002577013904483725
effect,0.002577013904483725
joy,0.002577013904483725
found,0.002577013904483725
respond,0.002577013904483725
members,0.002577013904483725
whatever,0.002577013904483725
clear,0.002577013904483725
feeding,0.002577013904483725
minor,0.002577013904483725
assume,0.002577013904483725
difficult,0.002577013904483725
specific,0.002577013904483725
explain,0.002577013904483725
moral,0.002577013904483725
month,0.002577013904483725
Unfortunately,0.002577013904483725
lying,0.002577013904483725
drink,0.002577013904483725
fair,0.002577013904483725
hug,0.002577013904483725
side,0.002577013904483725
bit,0.002577013904483725
needs,0.002577013904483725
somewhere,0.002577013904483725
asking,0.002577013904483725
Hey,0.002577013904483725
known,0.002577013904483725
mostly,0.002577013904483725
anyway,0.002577013904483725
information,0.002577013904483725
bringing,0.002577013904483725
23,0.002577013904483725
Since,0.002577013904483725
Ever,0.002577013904483725
incredibly,0.002577013904483725
argument,0.002577013904483725
childish,0.002577013904483725
stubborn,0.002577013904483725
feminine,0.002577013904483725
judged,0.002577013904483725
express,0.002577013904483725
hair,0.002577013904483725
posts,0.002577013904483725
pills,0.002577013904483725
difference,0.002577013904483725
About,0.002577013904483725
course,0.002577013904483725
overall,0.002577013904483725
exact,0.002577013904483725
decisions,0.002577013904483725
situation,0.002577013904483725
accused,0.002577013904483725
met,0.002577013904483725
leave,0.002577013904483725
mine,0.002577013904483725
torture,0.002577013904483725
animals,0.002577013904483725
ish,0.002577013904483725
autistic,0.002577013904483725
cried,0.002577013904483725
daughter,0.002577013904483725
fun,0.002577013904483725
badly,0.002577013904483725
anhedonia,0.002577013904483725
avoid,0.002577013904483725
closer,0.002577013904483725
continue,0.002577013904483725
dark,0.002577013904483725
fetishes,0.002577013904483725
front,0.002577013904483725
office,0.002577013904483725
minutes,0.002577013904483725
looks,0.002577013904483725
run,0.002577013904483725
devil,0.002577013904483725
upset,0.002577013904483725
bother,0.002577013904483725
belong,0.002577013904483725
minute,0.002577013904483725
lose,0.002577013904483725
shattered,0.002577013904483725
opposite,0.002577013904483725
guys,0.002577013904483725
tonight,0.002577013904483725
Sorry,0.002577013904483725
Maybe,0.002577013904483725
10,0.002577013904483725
12,0.002577013904483725
remembered,0.002577013904483725
single,0.002577013904483725
core,0.002577013904483725
helping,0.002577013904483725
present,0.002577013904483725
weeks,0.002577013904483725
YOUR,0.002577013904483725
YOURE,0.002577013904483725
trouble,0.002577013904483725
similar,0.002577013904483725
panic,0.002577013904483725
arise,0.002577013904483725
impossible,0.002577013904483725
sink,0.002577013904483725
despises,0.002577013904483725
afterward,0.002577013904483725
First,0.002577013904483725
exactly,0.002577013904483725
super,0.002577013904483725
pathetic,0.002577013904483725
city,0.002577013904483725
punchline,0.002577013904483725
clean,0.002577013904483725
intrusive,0.002577013904483725
learn,0.002577013904483725
17,0.002577013904483725
six,0.002577013904483725
Reddit,0.002577013904483725
pay,0.002577013904483725
frustrated,0.002577013904483725
slow,0.002577013904483725
flashback,0.002577013904483725
company,0.002577013904483725
unhealthy,0.002577013904483725
scares,0.002577013904483725
calm,0.002577013904483725
keeps,0.002577013904483725
dumbass,0.002577013904483725
Back,0.002577013904483725
videogames,0.002577013904483725
none,0.002577013904483725
intelligence,0.002577013904483725
keeping,0.002577013904483725
truth,0.002577013904483725
med,0.002577013904483725
works,0.002577013904483725
somehow,0.002577013904483725
sugar,0.002577013904483725
deeper,0.002577013904483725
Go,0.0012885069522418624
BS,0.0012885069522418624
using,0.0012885069522418624
internet,0.0012885069522418624
Left,0.0012885069522418624
drug,0.0012885069522418624
remind,0.0012885069522418624
stopping,0.0012885069522418624
peacefully,0.0012885069522418624
randomly,0.0012885069522418624
abducted,0.0012885069522418624
aliens,0.0012885069522418624
vanish,0.0012885069522418624
trace,0.0012885069522418624
genuinenly,0.0012885069522418624
lows,0.0012885069522418624
worst,0.0012885069522418624
prospects,0.0012885069522418624
unbridled,0.0012885069522418624
repulsed,0.0012885069522418624
anymoreStuck,0.0012885069522418624
wasting,0.0012885069522418624
average,0.0012885069522418624
14hr,0.0012885069522418624
scary,0.0012885069522418624
confide,0.0012885069522418624
wasted,0.0012885069522418624
confidence,0.0012885069522418624
worried,0.0012885069522418624
schedule,0.0012885069522418624
hygiene,0.0012885069522418624
break,0.0012885069522418624
vacation,0.0012885069522418624
parties,0.0012885069522418624
stays,0.0012885069522418624
socializing,0.0012885069522418624
reminds,0.0012885069522418624
kid,0.0012885069522418624
equally,0.0012885069522418624
Throughout,0.0012885069522418624
excluded,0.0012885069522418624
hated,0.0012885069522418624
constantly,0.0012885069522418624
courteous,0.0012885069522418624
daunting,0.0012885069522418624
engage,0.0012885069522418624
chatter,0.0012885069522418624
Socially,0.0012885069522418624
inept,0.0012885069522418624
reminders,0.0012885069522418624
Shouldn,0.0012885069522418624
32,0.0012885069522418624
crawled,0.0012885069522418624
mum,0.0012885069522418624
wrote,0.0012885069522418624
note,0.0012885069522418624
sections,0.0012885069522418624
tied,0.0012885069522418624
rope,0.0012885069522418624
stair,0.0012885069522418624
banisters,0.0012885069522418624
partial,0.0012885069522418624
breath,0.0012885069522418624
nowhere,0.0012885069522418624
pulled,0.0012885069522418624
noose,0.0012885069522418624
stairs,0.0012885069522418624
punched,0.0012885069522418624
wall,0.0012885069522418624
resilience,0.0012885069522418624
Toxic,0.0012885069522418624
ex,0.0012885069522418624
warped,0.0012885069522418624
view,0.0012885069522418624
dated,0.0012885069522418624
tall,0.0012885069522418624
skinny,0.0012885069522418624
short,0.0012885069522418624
comment,0.0012885069522418624
attracted,0.0012885069522418624
bloated,0.0012885069522418624
perfectly,0.0012885069522418624
shape,0.0012885069522418624
lol,0.0012885069522418624
Anyways,0.0012885069522418624
usual,0.0012885069522418624
understandably,0.0012885069522418624
weigh,0.0012885069522418624
dating,0.0012885069522418624
Hard,0.0012885069522418624
pill,0.0012885069522418624
swallow,0.0012885069522418624
Doubling,0.0012885069522418624
anti,0.0012885069522418624
depressant,0.0012885069522418624
dosage,0.0012885069522418624
Meds,0.0012885069522418624
video,0.0012885069522418624
unconscious,0.0012885069522418624
read,0.0012885069522418624
effort,0.0012885069522418624
type,0.0012885069522418624
wont,0.0012885069522418624
wonky,0.0012885069522418624
working,0.0012885069522418624
exhausting,0.0012885069522418624
decide,0.0012885069522418624
maze,0.0012885069522418624
scape,0.0012885069522418624
Feel,0.0012885069522418624
Connected,0.0012885069522418624
Own,0.0012885069522418624
Body,0.0012885069522418624
Anymore,0.0012885069522418624
immense,0.0012885069522418624
amount,0.0012885069522418624
Stress,0.0012885069522418624
grief,0.0012885069522418624
guarding,0.0012885069522418624
form,0.0012885069522418624
Everybody,0.0012885069522418624
birthday,0.0012885069522418624
thankyou,0.0012885069522418624
proper,0.0012885069522418624
Thankyou,0.0012885069522418624
19m,0.0012885069522418624
dumped,0.0012885069522418624
Thanksgiving,0.0012885069522418624
shell,0.0012885069522418624
numbness,0.0012885069522418624
Who,0.0012885069522418624
cruel,0.0012885069522418624
IM,0.0012885069522418624
realization,0.0012885069522418624
f%,0.0012885069522418624
king,0.0012885069522418624
Guys,0.0012885069522418624
Psychiatrist,0.0012885069522418624
sister,0.0012885069522418624
narcissistic,0.0012885069522418624
pregnancy,0.0012885069522418624
sexual,0.0012885069522418624
exes,0.0012885069522418624
Trauma,0.0012885069522418624
Counciling,0.0012885069522418624
buried,0.0012885069522418624
tunnel,0.0012885069522418624
pick,0.0012885069522418624
skin,0.0012885069522418624
injuries,0.0012885069522418624
nervous,0.0012885069522418624
picking,0.0012885069522418624
Society,0.0012885069522418624
WHAATTT,0.0012885069522418624
niece,0.0012885069522418624
harvard,0.0012885069522418624
blablabla,0.0012885069522418624
SUBHUMANS,0.0012885069522418624
slaving,0.0012885069522418624
60,0.0012885069522418624
YEARS,0.0012885069522418624
HATE,0.0012885069522418624
THESE,0.0012885069522418624
PEOPLE,0.0012885069522418624
worries,0.0012885069522418624
minimal,0.0012885069522418624
relief,0.0012885069522418624
touch,0.0012885069522418624
beyond,0.0012885069522418624
repair,0.0012885069522418624
dramaticMy,0.0012885069522418624
sabbotage,0.0012885069522418624
Luckily,0.0012885069522418624
Unluckilly,0.0012885069522418624
cripplingly,0.0012885069522418624
Such,0.0012885069522418624
boarderline,0.0012885069522418624
agorophobic,0.0012885069522418624
signs,0.0012885069522418624
retreat,0.0012885069522418624
zone,0.0012885069522418624
chickening,0.0012885069522418624
socialising,0.0012885069522418624
option,0.0012885069522418624
Dealing,0.0012885069522418624
anguish,0.0012885069522418624
Going,0.0012885069522418624
richer,0.0012885069522418624
stab,0.0012885069522418624
satisfaction,0.0012885069522418624
complacent,0.0012885069522418624
latest,0.0012885069522418624
trend,0.0012885069522418624
blood,0.0012885069522418624
buy,0.0012885069522418624
shotgun,0.0012885069522418624
stressful,0.0012885069522418624
illnesses,0.0012885069522418624
20s,0.0012885069522418624
Unconscious,0.0012885069522418624
racism,0.0012885069522418624
views,0.0012885069522418624
interracial,0.0012885069522418624
set,0.0012885069522418624
Black,0.0012885069522418624
male,0.0012885069522418624
Asian,0.0012885069522418624
Japanese,0.0012885069522418624
co,0.0012885069522418624
95%,0.0012885069522418624
cute,0.0012885069522418624
However,0.0012885069522418624
mouths,0.0012885069522418624
followed,0.0012885069522418624
statements,0.0012885069522418624
must,0.0012885069522418624
apparently,0.0012885069522418624
provide,0.0012885069522418624
penis,0.0012885069522418624
purposely,0.0012885069522418624
sabotages,0.0012885069522418624
hardcore,0.0012885069522418624
racist,0.0012885069522418624
barrels,0.0012885069522418624
Super,0.0012885069522418624
moved,0.0012885069522418624
states,0.0012885069522418624
fam,0.0012885069522418624
stressed,0.0012885069522418624
complaining,0.0012885069522418624
notHalfway,0.0012885069522418624
hosting,0.0012885069522418624
bridal,0.0012885069522418624
position,0.0012885069522418624
disassociation,0.0012885069522418624
ur,0.0012885069522418624
enter,0.0012885069522418624
sounds,0.0012885069522418624
appealing,0.0012885069522418624
sunrises,0.0012885069522418624
travel,0.0012885069522418624
aspire,0.0012885069522418624
seven,0.0012885069522418624
annoy,0.0012885069522418624
convos,0.0012885069522418624
messaging,0.0012885069522418624
patinate,0.0012885069522418624
THEY,0.0012885069522418624
initiate,0.0012885069522418624
meFeeling,0.0012885069522418624
isolate,0.0012885069522418624
4am,0.0012885069522418624
drained,0.0012885069522418624
Ive,0.0012885069522418624
jokes,0.0012885069522418624
53M,0.0012885069522418624
true,0.0012885069522418624
yes,0.0012885069522418624
unlock,0.0012885069522418624
socialize,0.0012885069522418624
becomes,0.0012885069522418624
shut,0.0012885069522418624
older,0.0012885069522418624
incorrectly,0.0012885069522418624
damage,0.0012885069522418624
severe,0.0012885069522418624
straight,0.0012885069522418624
effectively,0.0012885069522418624
unsure,0.0012885069522418624
changeI,0.0012885069522418624
throatI,0.0012885069522418624
existence,0.0012885069522418624
grocery,0.0012885069522418624
lady,0.0012885069522418624
following,0.0012885069522418624
existing,0.0012885069522418624
planet,0.0012885069522418624
billions,0.0012885069522418624
misogynist,0.0012885069522418624
Help,0.0012885069522418624
urgently,0.0012885069522418624
deprivation,0.0012885069522418624
test,0.0012885069522418624
university,0.0012885069522418624
accusing,0.0012885069522418624
voice,0.0012885069522418624
danger,0.0012885069522418624
message,0.0012885069522418624
detective,0.0012885069522418624
charge,0.0012885069522418624
attacker,0.0012885069522418624
formal,0.0012885069522418624
push,0.0012885069522418624
enormity,0.0012885069522418624
SA,0.0012885069522418624
aftermath,0.0012885069522418624
investigation,0.0012885069522418624
court,0.0012885069522418624
slaps,0.0012885069522418624
panicky,0.0012885069522418624
allI,0.0012885069522418624
sexting,0.0012885069522418624
everytime,0.0012885069522418624
cautious,0.0012885069522418624
develop,0.0012885069522418624
quickly,0.0012885069522418624
Usually,0.0012885069522418624
listening,0.0012885069522418624
conversations,0.0012885069522418624
relate,0.0012885069522418624
uninteresting,0.0012885069522418624
money,0.0012885069522418624
credentials,0.0012885069522418624
iq,0.0012885069522418624
49,0.0012885069522418624
goto,0.0012885069522418624
fcked,0.0012885069522418624
motivational,0.0012885069522418624
meditation,0.0012885069522418624
graduate,0.0012885069522418624
placed,0.0012885069522418624
academics,0.0012885069522418624
phase,0.0012885069522418624
disinterest,0.0012885069522418624
second,0.0012885069522418624
technically,0.0012885069522418624
surviving,0.0012885069522418624
method,0.0012885069522418624
guarantee,0.0012885069522418624
tiresome,0.0012885069522418624
staying,0.0012885069522418624
hopeful,0.0012885069522418624
baseless,0.0012885069522418624
phenomenon,0.0012885069522418624
stall,0.0012885069522418624
draining,0.0012885069522418624
sufferKinda,0.0012885069522418624
regrets,0.0012885069522418624
instant,0.0012885069522418624
art,0.0012885069522418624
destroyed,0.0012885069522418624
hypocrisy,0.0012885069522418624
Emotional,0.0012885069522418624
cruelty,0.0012885069522418624
Hearing,0.0012885069522418624
blame,0.0012885069522418624
defeated,0.0012885069522418624
discarded,0.0012885069522418624
Guess,0.0012885069522418624
needed,0.0012885069522418624
vent,0.0012885069522418624
Called,0.0012885069522418624
Videogames,0.0012885069522418624
spend,0.0012885069522418624
opening,0.0012885069522418624
closing,0.0012885069522418624
Reading,0.0012885069522418624
twenty,0.0012885069522418624
odd,0.0012885069522418624
Writing,0.0012885069522418624
likes,0.0012885069522418624
burning,0.0012885069522418624
gives,0.0012885069522418624
counting,0.0012885069522418624
till,0.0012885069522418624
brains,0.0012885069522418624
soonerI,0.0012885069522418624
means,0.0012885069522418624
passions,0.0012885069522418624
desires,0.0012885069522418624
littlest,0.0012885069522418624
wimp,0.0012885069522418624
resilient,0.0012885069522418624
fele,0.0012885069522418624
excitement,0.0012885069522418624
ponder,0.0012885069522418624
smallest,0.0012885069522418624
ugly,0.0012885069522418624
hideous,0.0012885069522418624
monster,0.0012885069522418624
saturday,0.0012885069522418624
slut,0.0012885069522418624
alreadyI,0.0012885069522418624
COVID,0.0012885069522418624
20f,0.0012885069522418624
willing,0.0012885069522418624
carry,0.0012885069522418624
conditions,0.0012885069522418624
changing,0.0012885069522418624
turning,0.0012885069522418624
indulging,0.0012885069522418624
Truly,0.0012885069522418624
meant,0.0012885069522418624
fit,0.0012885069522418624
outsider,0.0012885069522418624
properly,0.0012885069522418624
survive,0.0012885069522418624
society,0.0012885069522418624
guilty,0.0012885069522418624
wanting,0.0012885069522418624
choice,0.0012885069522418624
Yeah,0.0012885069522418624
caring,0.0012885069522418624
promise,0.0012885069522418624
peace,0.0012885069522418624
decision,0.0012885069522418624
fade,0.0012885069522418624
eternal,0.0012885069522418624
nothingness,0.0012885069522418624
Groundhog,0.0012885069522418624
Day,0.0012885069522418624
29yo,0.0012885069522418624
Grew,0.0012885069522418624
seizure,0.0012885069522418624
bachelors,0.0012885069522418624
degrees,0.0012885069522418624
Trying,0.0012885069522418624
boards,0.0012885069522418624
exam,0.0012885069522418624
messes,0.0012885069522418624
cognition,0.0012885069522418624
independency,0.0012885069522418624
Feeling,0.0012885069522418624
loop,0.0012885069522418624
major,0.0012885069522418624
events,0.0012885069522418624
recollect,0.0012885069522418624
details,0.0012885069522418624
accurately,0.0012885069522418624
confirmation,0.0012885069522418624
deny,0.0012885069522418624
altogether,0.0012885069522418624
smoke,0.0012885069522418624
cool,0.0012885069522418624
severely,0.0012885069522418624
pls,0.0012885069522418624
helpNobody,0.0012885069522418624
wacky,0.0012885069522418624
figure,0.0012885069522418624
Honestly,0.0012885069522418624
tea,0.0012885069522418624
afternoon,0.0012885069522418624
barley,0.0012885069522418624
speaks,0.0012885069522418624
demonsI,0.0012885069522418624
committing,0.0012885069522418624
hates,0.0012885069522418624
purpose,0.0012885069522418624
abuser,0.0012885069522418624
instantly,0.0012885069522418624
saw,0.0012885069522418624
noticing,0.0012885069522418624
destroys,0.0012885069522418624
million,0.0012885069522418624
answer,0.0012885069522418624
FUUUUUUUUUUUUUUUUUUUUUUUUUUUUUUUUUUUUUUUUUUUUUUUUUUUUUUUUUUUUUUUUUUUUUUUUUUUUUUUUUUUUUUUUUUUUUUUUUUUUUUUUUUUUUUUUUUUUUUUUUUUUUUUUUUUUUUUUUUUUUUUUUUUUUUUUUUUUUUUUUUUUUUUUUUUUUUUUUUUUUUUUUUUUUUUUUUUUUUUUUUUUUUUUUUUUUUUUUUUUUUUUUUUUUUUUUUUUUUUUUUUUUUUUUUUUUUUUUUUUUUUUUUUUUUUUUUUUUUUUUUUUUUUUUUUUUUUUUUUUUUUUUUUUUUUUUUUUUUUUUUUUUUUUUUUUUUUUUUUUUUUUUUUUUUUUUUUUUUUUUUUUUUUUUUUUUUUUUUUUUUUUUUUUUUUUUUUUUUUUUUUUUUUUUUUUUUUUUUUUUUUUUUUUUUUUUUUUUUUUUUUUUUUUUUUUUUUUUUUUUUUUUUUUUUUUUUUUUUUUUUUUUUUUUUUUUUUUUUUUUUUUUUUUUUUUUUUUUUUUUUUUUUUUUUUUUUUUUUUUUUUUUUUUUUUUUUUUUUUUUUUUUUUUUUUUUUUUUUUUUUUUUUUUUUUUUUUUUUUUUUUUUUUUUUUUUUUUUUUUUUUUUUUUUUUUUUUUUUUUUUUUUUUUUUUUUUUCCCCCCCCCCCCCCCCCCCCCCCCCCCCCCCCCCCCCCCCCCCCCCCCCCCCCCCCCCCCCCCCCCCCCCCCCCCCCCCCCCCCCCCCKKKKKKKKKKKKKKKKKKKKKKKKKKKKKKKKKKKKKKKKKKKKKKKKKKKKKKKKKKKKKKKKKKKKKKKKKKKKKKKKKKKKKKKKKKKKKKKKKKKKKKKKKKKKKKKKKKKKKKKKKKKKKKKKKKKKKKKKKKKKKKKKKKKKKKKKKKKKKKKKKKKKKKKKKKKKKKKKKKKKKKKKKKKKKKKKKKKKKKKKKKKKKKKKKKKKKKKKKKKKKKKKKKKKKKKKKKKKKKKKKKKKKKKKKKKKKKKKKKKKKKKKKKKKKKKKKKKKKKKKKKKKKKKKKKKKKKKKKKKKKKKKKKKKKKKKKKKKKKKKKKKKKKKKKKKKKKKKKKKKKKKKKKKKKKKKKKKKKKKKKKKKKKKKKKKKKKKKKKKKKKKKKKKKKKKKKKKKKKKKKKKKKKKKKKKKKKKKKKKKKKKKKKKKKKKKKKKKKKKKKKKKKKKKKKKKKKKKKKKKKKKKKKKKKKKKKKKKKKKKKKKKKKKKKKKKKKKKKKKKKKKKKKKKKKKKKKKKKKKKKKKKKKKKKKKKKKKKKKKKKKKKKKKKKKKKKKK,0.0012885069522418624
AHHHHHHHHHHHHHHHHHHHHHHHHHHHHH,0.0012885069522418624
AHHHHHHHHHHHHHHHHHHHHHHHHHHHHHHHH,0.0012885069522418624
AHHHHHHHHHHHHHHHHHHHHHHHHHHHHHHHHHHH,0.0012885069522418624
AHHHHHHHHHHHHHHHHHHHHHHHHHHHHHHHHHH,0.0012885069522418624
FUUUUCK,0.0012885069522418624
WHHHHYYY,0.0012885069522418624
CANNN,0.0012885069522418624
TTT,0.0012885069522418624
IIIII,0.0012885069522418624
JJJUUUSUSSSSSTTTT,0.0012885069522418624
DDDDIIIIIIEEEEEE,0.0012885069522418624
cared,0.0012885069522418624
slipping,0.0012885069522418624
actor,0.0012885069522418624
gaslight,0.0012885069522418624
adhd,0.0012885069522418624
compounded,0.0012885069522418624
missing,0.0012885069522418624
infuriating,0.0012885069522418624
ruining,0.0012885069522418624
masking,0.0012885069522418624
dispensable,0.0012885069522418624
humor,0.0012885069522418624
wishing,0.0012885069522418624
Plato,0.0012885069522418624
cave,0.0012885069522418624
joke,0.0012885069522418624
anymore.26,0.0012885069522418624
ton,0.0012885069522418624
rinsing,0.0012885069522418624
repeating,0.0012885069522418624
nightmare,0.0012885069522418624
besides,0.0012885069522418624
weekends,0.0012885069522418624
parent,0.0012885069522418624
laptop,0.0012885069522418624
quoted,0.0012885069522418624
Xbox,0.0012885069522418624
overthink,0.0012885069522418624
hurting,0.0012885069522418624
Relax,0.0012885069522418624
learning,0.0012885069522418624
kicking,0.0012885069522418624
ass,0.0012885069522418624
sayI,0.0012885069522418624
intense,0.0012885069522418624
simple,0.0012885069522418624
comforting,0.0012885069522418624
relax,0.0012885069522418624
arms,0.0012885069522418624
Time,0.0012885069522418624
heals,0.0012885069522418624
wounds,0.0012885069522418624
bleed,0.0012885069522418624
doubt,0.0012885069522418624
goofs,0.0012885069522418624
laughs,0.0012885069522418624
looked,0.0012885069522418624
torment,0.0012885069522418624
wonder,0.0012885069522418624
surrounds,0.0012885069522418624
comforts,0.0012885069522418624
Will,0.0012885069522418624
fake,0.0012885069522418624
positivity,0.0012885069522418624
EVERYDAY,0.0012885069522418624
UNDERSTANDS,0.0012885069522418624
inevitable,0.0012885069522418624
christmas,0.0012885069522418624
zoned,0.0012885069522418624
zombie,0.0012885069522418624
mention,0.0012885069522418624
sleepy,0.0012885069522418624
meds,0.0012885069522418624
seemed,0.0012885069522418624
WHERE,0.0012885069522418624
MY,0.0012885069522418624
ENERGY,0.0012885069522418624
dogs,0.0012885069522418624
sweep,0.0012885069522418624
floors,0.0012885069522418624
brush,0.0012885069522418624
teeth,0.0012885069522418624
bath,0.0012885069522418624
dressed,0.0012885069522418624
opinions,0.0012885069522418624
nicest,0.0012885069522418624
eating,0.0012885069522418624
pictures,0.0012885069522418624
thin,0.0012885069522418624
er,0.0012885069522418624
refuse,0.0012885069522418624
hole,0.0012885069522418624
stomach,0.0012885069522418624
tube,0.0012885069522418624
later,0.0012885069522418624
trapped,0.0012885069522418624
normies,0.0012885069522418624
daily,0.0012885069522418624
swings,0.0012885069522418624
happen,0.0012885069522418624
snap,0.0012885069522418624
finger,0.0012885069522418624
dwell,0.0012885069522418624
escalates,0.0012885069522418624
result,0.0012885069522418624
strange,0.0012885069522418624
patterns,0.0012885069522418624
tend,0.0012885069522418624
ruins,0.0012885069522418624
chance,0.0012885069522418624
Especially,0.0012885069522418624
maladjusted,0.0012885069522418624
distress,0.0012885069522418624
shame,0.0012885069522418624
stangnant,0.0012885069522418624
ups,0.0012885069522418624
occasional,0.0012885069522418624
downs,0.0012885069522418624
generally,0.0012885069522418624
dissatisfied,0.0012885069522418624
individual,0.0012885069522418624
Looking,0.0012885069522418624
fellow,0.0012885069522418624
travelers,0.0012885069522418624
relatively,0.0012885069522418624
spell,0.0012885069522418624
horrific,0.0012885069522418624
crash,0.0012885069522418624
Difficult,0.0012885069522418624
Issue,0.0012885069522418624
resolved,0.0012885069522418624
factor,0.0012885069522418624
ASAP,0.0012885069522418624
putting,0.0012885069522418624
raising,0.0012885069522418624
triggering,0.0012885069522418624
meltdown,0.0012885069522418624
offer,0.0012885069522418624
cheerleading,0.0012885069522418624
grateful,0.0012885069522418624
Argh,0.0012885069522418624
DAE,0.0012885069522418624
swear,0.0012885069522418624
liar,0.0012885069522418624
nice,0.0012885069522418624
Example,0.0012885069522418624
nauseous,0.0012885069522418624
Making,0.0012885069522418624
intimacy,0.0012885069522418624
fairly,0.0012885069522418624
common,0.0012885069522418624
symptom,0.0012885069522418624
distance,0.0012885069522418624
cuts,0.0012885069522418624
flinch,0.0012885069522418624
kiss,0.0012885069522418624
grunt,0.0012885069522418624
complaint,0.0012885069522418624
learnt,0.0012885069522418624
needing,0.0012885069522418624
overthinking,0.0012885069522418624
stressing,0.0012885069522418624
patiently,0.0012885069522418624
ignores,0.0012885069522418624
meeting,0.0012885069522418624
middle,0.0012885069522418624
Wondering,0.0012885069522418624
partners,0.0012885069522418624
mourn,0.0012885069522418624
knowing,0.0012885069522418624
hallucinated,0.0012885069522418624
stabbed,0.0012885069522418624
held,0.0012885069522418624
imagining,0.0012885069522418624
edit,0.0012885069522418624
OD,0.0012885069522418624
ing,0.0012885069522418624
oxy,0.0012885069522418624
hallucinations,0.0012885069522418624
sober,0.0012885069522418624
drugs,0.0012885069522418624
amplified,0.0012885069522418624
prevented,0.0012885069522418624
safest,0.0012885069522418624
adults,0.0012885069522418624
may,0.0012885069522418624
delete,0.0012885069522418624
anticipate,0.0012885069522418624
birth,0.0012885069522418624
curse,0.0012885069522418624
18,0.0012885069522418624
nonexistent,0.0012885069522418624
affected,0.0012885069522418624
copy,0.0012885069522418624
regard,0.0012885069522418624
downhill,0.0012885069522418624
arguments,0.0012885069522418624
girlfriend,0.0012885069522418624
Once,0.0012885069522418624
starts,0.0012885069522418624
manipulative,0.0012885069522418624
tears,0.0012885069522418624
Though,0.0012885069522418624
momente,0.0012885069522418624
unmasculine,0.0012885069522418624
unattractive,0.0012885069522418624
unlovable,0.0012885069522418624
free,0.0012885069522418624
fall,0.0012885069522418624
toll,0.0012885069522418624
2020,0.0012885069522418624
boys,0.0012885069522418624
judgement,0.0012885069522418624
bear,0.0012885069522418624
flower,0.0012885069522418624
insults,0.0012885069522418624
hurled,0.0012885069522418624
bottle,0.0012885069522418624
reasons,0.0012885069522418624
loser,0.0012885069522418624
1000,0.0012885069522418624
response,0.0012885069522418624
mouth,0.0012885069522418624
excuse,0.0012885069522418624
embarrassed,0.0012885069522418624
admit,0.0012885069522418624
mess,0.0012885069522418624
gross,0.0012885069522418624
drive,0.0012885069522418624
waste,0.0012885069522418624
deteriorating,0.0012885069522418624
recognize,0.0012885069522418624
prescribed,0.0012885069522418624
opinion,0.0012885069522418624
urged,0.0012885069522418624
quits,0.0012885069522418624
consulting,0.0012885069522418624
Dark,0.0012885069522418624
irritated,0.0012885069522418624
easily,0.0012885069522418624
shuts,0.0012885069522418624
spot,0.0012885069522418624
passing,0.0012885069522418624
prisoner,0.0012885069522418624
evident,0.0012885069522418624
repulsive,0.0012885069522418624
Lately,0.0012885069522418624
woman,0.0012885069522418624
kicked,0.0012885069522418624
dog,0.0012885069522418624
cheating,0.0012885069522418624
reached,0.0012885069522418624
word,0.0012885069522418624
certainly,0.0012885069522418624
dare,0.0012885069522418624
threaten,0.0012885069522418624
Suicide,0.0012885069522418624
fixes,0.0012885069522418624
genuinely,0.0012885069522418624
damned,0.0012885069522418624
Boyfriend,0.0012885069522418624
Working,0.0012885069522418624
Doing,0.0012885069522418624
EMDR,0.0012885069522418624
ART,0.0012885069522418624
Ex,0.0012885069522418624
sociopath,0.0012885069522418624
manipulation,0.0012885069522418624
experimented,0.0012885069522418624
Eventually,0.0012885069522418624
starved,0.0012885069522418624
inside,0.0012885069522418624
cabin,0.0012885069522418624
cloudy,0.0012885069522418624
cracked,0.0012885069522418624
resolves,0.0012885069522418624
Someone,0.0012885069522418624
grabs,0.0012885069522418624
wrists,0.0012885069522418624
Umm,0.0012885069522418624
privacy,0.0012885069522418624
layed,0.0012885069522418624
top,0.0012885069522418624
shouts,0.0012885069522418624
asleep,0.0012885069522418624
faked,0.0012885069522418624
overdosing,0.0012885069522418624
laughing,0.0012885069522418624
kidding,0.0012885069522418624
assaulted,0.0012885069522418624
normally,0.0012885069522418624
grandpa,0.0012885069522418624
moms,0.0012885069522418624
unblocked,0.0012885069522418624
upsetHelp,0.0012885069522418624
Need,0.0012885069522418624
someome,0.0012885069522418624
taxes,0.0012885069522418624
funny,0.0012885069522418624
interesting,0.0012885069522418624
dayI,0.0012885069522418624
scare,0.0012885069522418624
repellant,0.0012885069522418624
potentially,0.0012885069522418624
acquaintances,0.0012885069522418624
exclude,0.0012885069522418624
groups,0.0012885069522418624
scapegoat,0.0012885069522418624
unloveable,0.0012885069522418624
esteem,0.0012885069522418624
rejection,0.0012885069522418624
conflict,0.0012885069522418624
arises,0.0012885069522418624
sniff,0.0012885069522418624
closeWhenever,0.0012885069522418624
somebody,0.0012885069522418624
vulnerable,0.0012885069522418624
slowly,0.0012885069522418624
drifting,0.0012885069522418624
negatively,0.0012885069522418624
treat,0.0012885069522418624
stranger,0.0012885069522418624
losing,0.0012885069522418624
friendships,0.0012885069522418624
hide,0.0012885069522418624
interaction,0.0012885069522418624
worseI,0.0012885069522418624
necessary,0.0012885069522418624
differently,0.0012885069522418624
ck,0.0012885069522418624
ill,0.0012885069522418624
rape,0.0012885069522418624
pedo,0.0012885069522418624
fetish,0.0012885069522418624
incidents,0.0012885069522418624
sickening,0.0012885069522418624
Seeing,0.0012885069522418624
degrade,0.0012885069522418624
harder,0.0012885069522418624
others,0.0012885069522418624
acceptable,0.0012885069522418624
send,0.0012885069522418624
Do,0.0012885069522418624
motionless,0.0012885069522418624
dull,0.0012885069522418624
horrifying,0.0012885069522418624
directly,0.0012885069522418624
gaze,0.0012885069522418624
Some,0.0012885069522418624
kinda,0.0012885069522418624
Giving,0.0012885069522418624
except,0.0012885069522418624
wrongI,0.0012885069522418624
faliure,0.0012885069522418624
worthlessDo,0.0012885069522418624
cursed,0.0012885069522418624
upside,0.0012885069522418624
health,0.0012885069522418624
practically,0.0012885069522418624
especially,0.0012885069522418624
skills,0.0012885069522418624
worseBye,0.0012885069522418624
Told,0.0012885069522418624
earlier,0.0012885069522418624
seeking,0.0012885069522418624
nail,0.0012885069522418624
coffin,0.0012885069522418624
serious,0.0012885069522418624
godforsaken,0.0012885069522418624
Update,0.0012885069522418624
teaser,0.0012885069522418624
balls,0.0012885069522418624
Memory,0.0012885069522418624
amnesia,0.0012885069522418624
stolen,0.0012885069522418624
assault,0.0012885069522418624
continues,0.0012885069522418624
affect,0.0012885069522418624
locked,0.0012885069522418624
violently,0.0012885069522418624
abusive,0.0012885069522418624
22,0.0012885069522418624
pulling,0.0012885069522418624
giant,0.0012885069522418624
festering,0.0012885069522418624
splinter,0.0012885069522418624
steps,0.0012885069522418624
backwards,0.0012885069522418624
progress,0.0012885069522418624
didnt,0.0012885069522418624
wound,0.0012885069522418624
upon,0.0012885069522418624
decade,0.0012885069522418624
chunk,0.0012885069522418624
25,0.0012885069522418624
hollowed,0.0012885069522418624
emptying,0.0012885069522418624
kind,0.0012885069522418624
terrifies,0.0012885069522418624
begin,0.0012885069522418624
LPT,0.0012885069522418624
struggles,0.0012885069522418624
dissociation,0.0012885069522418624
particuarly,0.0012885069522418624
discovered,0.0012885069522418624
sucking,0.0012885069522418624
mint,0.0012885069522418624
helps,0.0012885069522418624
Something,0.0012885069522418624
coolness,0.0012885069522418624
warmth,0.0012885069522418624
water,0.0012885069522418624
choke,0.0012885069522418624
Wanted,0.0012885069522418624
crazy,0.0012885069522418624
isnt,0.0012885069522418624
aimed,0.0012885069522418624
rhe,0.0012885069522418624
comllerely,0.0012885069522418624
nowMy,0.0012885069522418624
anorexic,0.0012885069522418624
throw,0.0012885069522418624
Yesterday,0.0012885069522418624
waiting,0.0012885069522418624
door,0.0012885069522418624
LIAR,0.0012885069522418624
DIDNT,0.0012885069522418624
BUY,0.0012885069522418624
FOOD,0.0012885069522418624
SCHOOL,0.0012885069522418624
CHECKED,0.0012885069522418624
LUNCH,0.0012885069522418624
CARD,0.0012885069522418624
PURCHASE,0.0012885069522418624
HISTORY,0.0012885069522418624
BENT,0.0012885069522418624
OUT,0.0012885069522418624
SHAPE,0.0012885069522418624
BECAUSE,0.0012885069522418624
TOLD,0.0012885069522418624
SHORTS,0.0012885069522418624
WERE,0.0012885069522418624
TOO,0.0012885069522418624
SMALL,0.0012885069522418624
FREAK,0.0012885069522418624
WHY,0.0012885069522418624
CANT,0.0012885069522418624
ACT,0.0012885069522418624
LIKE,0.0012885069522418624
NORMAL,0.0012885069522418624
HUMAN,0.0012885069522418624
BEING,0.0012885069522418624
TROUBLE,0.0012885069522418624
DONT,0.0012885069522418624
EAT,0.0012885069522418624
spoke,0.0012885069522418624
stories,0.0012885069522418624
recovered,0.0012885069522418624
although,0.0012885069522418624
beautiful,0.0012885069522418624
appearance,0.0012885069522418624
tricks,0.0012885069522418624
unbearable,0.0012885069522418624
appreciated,0.0012885069522418624
youI,0.0012885069522418624
functioning,0.0012885069522418624
interacting,0.0012885069522418624
despise,0.0012885069522418624
ptsd,0.0012885069522418624
MUCH,0.0012885069522418624
essentially,0.0012885069522418624
bandaid,0.0012885069522418624
backlogged,0.0012885069522418624
built,0.0012885069522418624
allowing,0.0012885069522418624
dissociate,0.0012885069522418624
alot,0.0012885069522418624
staring,0.0012885069522418624
dissocistion,0.0012885069522418624
issuesPap,0.0012885069522418624
smear,0.0012885069522418624
expect,0.0012885069522418624
tense,0.0012885069522418624
device,0.0012885069522418624
bitch,0.0012885069522418624
wuss,0.0012885069522418624
Living,0.0012885069522418624
strength,0.0012885069522418624
weak,0.0012885069522418624
prettier,0.0012885069522418624
courage,0.0012885069522418624
complete,0.0012885069522418624
failure,0.0012885069522418624
Normally,0.0012885069522418624
REASON,0.0012885069522418624
posted,0.0012885069522418624
example,0.0012885069522418624
ate,0.0012885069522418624
lunch,0.0012885069522418624
okbyeIloveyouif,0.0012885069522418624
traumatized,0.0012885069522418624
smhI,0.0012885069522418624
shout,0.0012885069522418624
36,0.0012885069522418624
Got,0.0012885069522418624
Antidepressants,0.0012885069522418624
WORK,0.0012885069522418624
ME,0.0012885069522418624
Holy,0.0012885069522418624
waited,0.0012885069522418624
Lie,0.0012885069522418624
forced,0.0012885069522418624
21,0.0012885069522418624
lexapro,0.0012885069522418624
dose,0.0012885069522418624
increase,0.0012885069522418624
zoloft,0.0012885069522418624
thar,0.0012885069522418624
mentions,0.0012885069522418624
perpetual,0.0012885069522418624
weight,0.0012885069522418624
riding,0.0012885069522418624
roller,0.0012885069522418624
coaster,0.0012885069522418624
boom,0.0012885069522418624
reminder,0.0012885069522418624
oh,0.0012885069522418624
remap,0.0012885069522418624
order,0.0012885069522418624
weighs,0.0012885069522418624
Waste,0.0012885069522418624
stable,0.0012885069522418624
married,0.0012885069522418624
grandparents,0.0012885069522418624
constant,0.0012885069522418624
lonliness,0.0012885069522418624
Probably,0.0012885069522418624
impressive,0.0012885069522418624
unintelligent,0.0012885069522418624
important,0.0012885069522418624
temporary,0.0012885069522418624
delusional,0.0012885069522418624
loves,0.0012885069522418624
compliment,0.0012885069522418624
acted,0.0012885069522418624
together,0.0012885069522418624
us,0.0012885069522418624
ties,0.0012885069522418624
untied,0.0012885069522418624
childhood,0.0012885069522418624
independently,0.0012885069522418624
connection,0.0012885069522418624
worked,0.0012885069522418624
cheat,0.0012885069522418624
tiredI,0.0012885069522418624
answered,0.0012885069522418624
Ugh,0.0012885069522418624
includes,0.0012885069522418624
totally,0.0012885069522418624
respect,0.0012885069522418624
boundaries,0.0012885069522418624
ashamed,0.0012885069522418624
busy,0.0012885069522418624
capability,0.0012885069522418624
Anytime,0.0012885069522418624
uncomfortable,0.0012885069522418624
sitting,0.0012885069522418624
piece,0.0012885069522418624
bleak,0.0012885069522418624
Thanks,0.0012885069522418624
Its,0.0012885069522418624
Years,0.0012885069522418624
restIt,0.0012885069522418624
creeped,0.0012885069522418624
youth,0.0012885069522418624
28,0.0012885069522418624
Been,0.0012885069522418624
42,0.0012885069522418624
Crying,0.0012885069522418624
fn,0.0012885069522418624
wrangle,0.0012885069522418624
lives,0.0012885069522418624
stalk,0.0012885069522418624
easy,0.0012885069522418624
everythingDebt,0.0012885069522418624
paid,0.0012885069522418624
credit,0.0012885069522418624
card,0.0012885069522418624
Swore,0.0012885069522418624
broke,0.0012885069522418624
cover,0.0012885069522418624
costs,0.0012885069522418624
needless,0.0012885069522418624
cheap,0.0012885069522418624
10k,0.0012885069522418624
debt,0.0012885069522418624
ti,0.0012885069522418624
tiredGot,0.0012885069522418624
fired,0.0012885069522418624
Worked,0.0012885069522418624
Co,0.0012885069522418624
remembering,0.0012885069522418624
gossip,0.0012885069522418624
behind,0.0012885069522418624
Too,0.0012885069522418624
realised,0.0012885069522418624
depressive,0.0012885069522418624
episode,0.0012885069522418624
appetite,0.0012885069522418624
laying,0.0012885069522418624
hungry,0.0012885069522418624
delivered,0.0012885069522418624
illness,0.0012885069522418624
general,0.0012885069522418624
Bungo,0.0012885069522418624
Stray,0.0012885069522418624
Dogs,0.0012885069522418624
Crunchyroll,0.0012885069522418624
WATCH,0.0012885069522418624
annoying,0.0012885069522418624
chore,0.0012885069522418624
Stfu,0.0012885069522418624
hiatuses,0.0012885069522418624
ffs,0.0012885069522418624
suddenly,0.0012885069522418624
unlocking,0.0012885069522418624
points,0.0012885069522418624
unlocked,0.0012885069522418624
horror,0.0012885069522418624
EDIT,0.0012885069522418624
feedback,0.0012885069522418624
Good,0.0012885069522418624
junior,0.0012885069522418624
developer,0.0012885069522418624
medium,0.0012885069522418624
sized,0.0012885069522418624
training,0.0012885069522418624
causing,0.0012885069522418624
extreme,0.0012885069522418624
headaches,0.0012885069522418624
KMS,0.0012885069522418624
consequences,0.0012885069522418624
repercussions,0.0012885069522418624
quitting,0.0012885069522418624
Soooooo,0.0012885069522418624
worlds,0.0012885069522418624
focused,0.0012885069522418624
End,0.0012885069522418624
Era,0.0012885069522418624
stating,0.0012885069522418624
name,0.0012885069522418624
Over,0.0012885069522418624
homicidal,0.0012885069522418624
giving,0.0012885069522418624
stress,0.0012885069522418624
failed,0.0012885069522418624
falling,0.0012885069522418624
apart,0.0012885069522418624
applying,0.0012885069522418624
ghosted,0.0012885069522418624
asset,0.0012885069522418624
corporate,0.0012885069522418624
lala,0.0012885069522418624
land,0.0012885069522418624
apply,0.0012885069522418624
clown,0.0012885069522418624
list,0.0012885069522418624
indeed,0.0012885069522418624
desirable,0.0012885069522418624
navigate,0.0012885069522418624
stunt,0.0012885069522418624
awkward,0.0012885069522418624
labor,0.0012885069522418624
worker,0.0012885069522418624
alarms,0.0012885069522418624
buzzing,0.0012885069522418624
heads,0.0012885069522418624
interests,0.0012885069522418624
ambitions,0.0012885069522418624
bursts,0.0012885069522418624
brief,0.0012885069522418624
acknowledging,0.0012885069522418624
jobs,0.0012885069522418624
interest,0.0012885069522418624
nights,0.0012885069522418624
outlived,0.0012885069522418624
usefulness,0.0012885069522418624
tomorrow,0.0012885069522418624
Again,0.0012885069522418624
Wish,0.0012885069522418624
Guilty,0.0012885069522418624
Unbelievably,0.0012885069522418624
encouragement,0.0012885069522418624
awards,0.0012885069522418624
safely,0.0012885069522418624
surprisingly,0.0012885069522418624
Currently,0.0012885069522418624
denial,0.0012885069522418624
Here,0.0012885069522418624
Say,0.0012885069522418624
proceed,0.0012885069522418624
yard,0.0012885069522418624
mowed,0.0012885069522418624
allergic,0.0012885069522418624
grass,0.0012885069522418624
anime,0.0012885069522418624
somethings,0.0012885069522418624
syptoms,0.0012885069522418624
naturally,0.0012885069522418624
Proceed,0.0012885069522418624
flipping,0.0012885069522418624
screaming,0.0012885069522418624
YouTube,0.0012885069522418624
math,0.0012885069522418624
spans,0.0012885069522418624
TlDr,0.0012885069522418624
hang,0.0012885069522418624
majority,0.0012885069522418624
CPTSD,0.0012885069522418624
alarming,0.0012885069522418624
functionality,0.0012885069522418624
articulating,0.0012885069522418624
whereas,0.0012885069522418624
writing,0.0012885069522418624
stresses,0.0012885069522418624
difficulty,0.0012885069522418624
retention,0.0012885069522418624
effecting,0.0012885069522418624
missed,0.0012885069522418624
meetings,0.0012885069522418624
Before,0.0012885069522418624
wording,0.0012885069522418624
possible,0.0012885069522418624
addicted,0.0012885069522418624
fully,0.0012885069522418624
worrying,0.0012885069522418624
ruin,0.0012885069522418624
tough,0.0012885069522418624
speaking,0.0012885069522418624
positive,0.0012885069522418624
internally,0.0012885069522418624
figured,0.0012885069522418624
loud,0.0012885069522418624
vibrates,0.0012885069522418624
slightly,0.0012885069522418624
chilly,0.0012885069522418624
disconnected,0.0012885069522418624
seriously,0.0012885069522418624
ONLY,0.0012885069522418624
WANTED,0.0012885069522418624
couch,0.0012885069522418624
Clonodine,0.0012885069522418624
php,0.0012885069522418624
program,0.0012885069522418624
effects,0.0012885069522418624
Lexapro,0.0012885069522418624
Wellbutrin,0.0012885069522418624
Cymbalta,0.0012885069522418624
Effexor,0.0012885069522418624
recent,0.0012885069522418624
Valium,0.0012885069522418624
prn,0.0012885069522418624
lamictal,0.0012885069522418624
hydroxozine,0.0012885069522418624
attacks,0.0012885069522418624
tight,0.0012885069522418624
Doctor,0.0012885069522418624
suggested,0.0012885069522418624
clonodine,0.0012885069522418624
mornings,0.0012885069522418624
Friday,0.0012885069522418624
Thursday,0.0012885069522418624
staff,0.0012885069522418624
Iop,0.0012885069522418624
spinning,0.0012885069522418624
dizziness,0.0012885069522418624
clonidine,0.0012885069522418624
Talking,0.0012885069522418624
disocrd,0.0012885069522418624
reddit,0.0012885069522418624
omgele,0.0012885069522418624
Non,0.0012885069522418624
leaves,0.0012885069522418624
soemone,0.0012885069522418624
irl,0.0012885069522418624
genuinly,0.0012885069522418624
OK,0.0012885069522418624
conventionI,0.0012885069522418624
meaningful,0.0012885069522418624
drama,0.0012885069522418624
chronic,0.0012885069522418624
ideation,0.0012885069522418624
bathtub,0.0012885069522418624
knife,0.0012885069522418624
load,0.0012885069522418624
laundry,0.0012885069522418624
tiring,0.0012885069522418624
considered,0.0012885069522418624
level,0.0012885069522418624
headed,0.0012885069522418624
meanwhile,0.0012885069522418624
shove,0.0012885069522418624
forgiving,0.0012885069522418624
count,0.0012885069522418624
lash,0.0012885069522418624
stifled,0.0012885069522418624
shoved,0.0012885069522418624
corner,0.0012885069522418624
abandoned,0.0012885069522418624
child,0.0012885069522418624
38,0.0012885069522418624
Things,0.0012885069522418624
ok,0.0012885069522418624
homeless,0.0012885069522418624
tent,0.0012885069522418624
desert,0.0012885069522418624
near,0.0012885069522418624
Where,0.0012885069522418624
attacked,0.0012885069522418624
multiple,0.0012885069522418624
roommate,0.0012885069522418624
weapons,0.0012885069522418624
threatening,0.0012885069522418624
sweet,0.0012885069522418624
glorious,0.0012885069522418624
phsyical,0.0012885069522418624
negated,0.0012885069522418624
tasting,0.0012885069522418624
sweetness,0.0012885069522418624
tasted,0.0012885069522418624
grainy,0.0012885069522418624
painful,0.0012885069522418624
sand,0.0012885069522418624
nourished,0.0012885069522418624
taste,0.0012885069522418624
GUILT,0.0012885069522418624
Isn,0.0012885069522418624
guilting,0.0012885069522418624
Either,0.0012885069522418624
handle,0.0012885069522418624
responsibility,0.0012885069522418624
Despite,0.0012885069522418624
pushing,0.0012885069522418624
despite,0.0012885069522418624
psychiatrist,0.0012885069522418624
steady,0.0012885069522418624
decline,0.0012885069522418624
pits,0.0012885069522418624
earth,0.0012885069522418624
accomplishment,0.0012885069522418624
grows,0.0012885069522418624
misery,0.0012885069522418624
Social,0.0012885069522418624
tiktok,0.0012885069522418624
romanticizes,0.0012885069522418624
encourages,0.0012885069522418624
hardest,0.0012885069522418624
recover,0.0012885069522418624
recommended,0.0012885069522418624
girls,0.0012885069522418624
warning,0.0012885069522418624
add,0.0012885069522418624
seeing,0.0012885069522418624
comments,0.0012885069522418624
influenced,0.0012885069522418624
trends,0.0012885069522418624
spreading,0.0012885069522418624
awareness,0.0012885069522418624
encouraging,0.0012885069522418624
mechanism,0.0012885069522418624
harsh,0.0012885069522418624
urges,0.0012885069522418624
state,0.0012885069522418624
normalizing,0.0012885069522418624
sh,0.0012885069522418624
Destigmatizing,0.0012885069522418624
Yes,0.0012885069522418624
Normalizing,0.0012885069522418624
Hell,0.0012885069522418624
